embedder,language,nclass,model,model_type,feature_type,data_pts,time_sec,energy_kwh,log_date
XLM-R-T,arabic,-1,KMeans,reg,mean,350,3.024186372756958,5.846340294778347e-06,2025-08-25 12:41:24.439520
XLM-R-T,arabic,-1,KMeans,reg,mmm,350,4.730939149856567,9.249643112851514e-06,2025-08-25 12:41:29.172454
XLM-R-T,arabic,-1,KMeans,reg,tfidfw,350,2.9429550170898438,5.722821276982625e-06,2025-08-25 12:41:32.117124
XLM-R-T,arabic,-1,KMeans,reg,sif,350,2.933600664138794,5.915687228143215e-06,2025-08-25 12:41:35.052781
XLM-R-T,arabic,-1,KMeans,reg,borep,350,6.8126935958862305,2.272632578942511e-05,2025-08-25 12:41:41.867386
mBERT-T,arabic,-1,KMeans,reg,mean,350,1.3843271732330322,2.828257321980264e-06,2025-08-25 12:41:43.253194
mBERT-T,arabic,-1,KMeans,reg,mmm,350,4.125833988189697,8.010994327068329e-06,2025-08-25 12:41:47.380538
mBERT-T,arabic,-1,KMeans,reg,tfidfw,350,1.6301422119140625,3.312358411153158e-06,2025-08-25 12:41:49.012679
mBERT-T,arabic,-1,KMeans,reg,sif,350,1.6177866458892822,3.4697029702530964e-06,2025-08-25 12:41:50.632089
mBERT-T,arabic,-1,KMeans,reg,borep,350,6.290822744369507,2.292364158376499e-05,2025-08-25 12:41:56.924591
mT5-T,arabic,-1,KMeans,reg,mean,350,2.7955944538116455,5.574104719294443e-06,2025-08-25 12:41:59.722100
mT5-T,arabic,-1,KMeans,reg,mmm,350,5.249497175216675,1.0196856624126436e-05,2025-08-25 12:42:04.973382
mT5-T,arabic,-1,KMeans,reg,tfidfw,350,2.8895812034606934,5.6635791587829586e-06,2025-08-25 12:42:07.864434
mT5-T,arabic,-1,KMeans,reg,sif,350,2.8672866821289062,5.781565007103814e-06,2025-08-25 12:42:10.733730
mT5-T,arabic,-1,KMeans,reg,borep,350,7.470231056213379,2.594393459558487e-05,2025-08-25 12:42:18.205812
XGLM-T,arabic,-1,KMeans,reg,mean,350,4.8317766189575195,9.409549425376786e-06,2025-08-25 12:42:23.039429
XGLM-T,arabic,-1,KMeans,reg,mmm,350,7.416274309158325,1.4383157710773605e-05,2025-08-25 12:42:30.457526
XGLM-T,arabic,-1,KMeans,reg,tfidfw,350,4.755496025085449,9.474995587203237e-06,2025-08-25 12:42:35.215017
XGLM-T,arabic,-1,KMeans,reg,sif,350,4.747480869293213,9.485730525785023e-06,2025-08-25 12:42:39.964414
XGLM-T,arabic,-1,KMeans,reg,borep,350,9.684158563613892,3.21555909441577e-05,2025-08-25 12:42:49.650569
mDeBERTa-T,arabic,-1,KMeans,reg,mean,350,2.7709522247314453,5.478018606503805e-06,2025-08-25 12:42:52.423267
mDeBERTa-T,arabic,-1,KMeans,reg,mmm,350,5.159505128860474,1.0110623578349747e-05,2025-08-25 12:42:57.584828
mDeBERTa-T,arabic,-1,KMeans,reg,tfidfw,350,2.8993735313415527,5.727470796704292e-06,2025-08-25 12:43:00.486253
mDeBERTa-T,arabic,-1,KMeans,reg,sif,350,2.8768646717071533,5.877993914650547e-06,2025-08-25 12:43:03.365119
mDeBERTa-T,arabic,-1,KMeans,reg,borep,350,7.522783994674683,2.59813674368461e-05,2025-08-25 12:43:10.889941
MPNet-S,arabic,-1,KMeans,reg,mean,350,2.9680943489074707,5.755217389596834e-06,2025-08-25 12:43:13.860288
MPNet-S,arabic,-1,KMeans,reg,mmm,350,4.69985818862915,9.086392498016357e-06,2025-08-25 12:43:18.562084
MPNet-S,arabic,-1,KMeans,reg,tfidfw,350,2.9442362785339355,5.849624995059437e-06,2025-08-25 12:43:21.508376
MPNet-S,arabic,-1,KMeans,reg,sif,350,2.942966938018799,6.046162075996398e-06,2025-08-25 12:43:24.453419
MPNet-S,arabic,-1,KMeans,reg,borep,350,6.772423028945923,2.228691545108954e-05,2025-08-25 12:43:31.227964
BGE-M3-S,arabic,-1,KMeans,reg,mean,350,3.131727457046509,6.066562048969445e-06,2025-08-25 12:43:34.361811
BGE-M3-S,arabic,-1,KMeans,reg,mmm,350,5.621838569641113,1.0871074171861014e-05,2025-08-25 12:43:39.985809
BGE-M3-S,arabic,-1,KMeans,reg,tfidfw,350,3.0859296321868896,6.0295636202229395e-06,2025-08-25 12:43:43.073508
BGE-M3-S,arabic,-1,KMeans,reg,sif,350,3.081852912902832,6.273853531766821e-06,2025-08-25 12:43:46.157221
BGE-M3-S,arabic,-1,KMeans,reg,borep,350,7.870650053024292,2.7325210416231836e-05,2025-08-25 12:43:54.029726
MiniLM-S,arabic,-1,KMeans,reg,mean,350,2.5571694374084473,4.987190727790197e-06,2025-08-25 12:43:56.589097
MiniLM-S,arabic,-1,KMeans,reg,mmm,350,3.4862027168273926,6.805519618414068e-06,2025-08-25 12:44:00.077147
MiniLM-S,arabic,-1,KMeans,reg,tfidfw,350,2.6142337322235107,5.065077856183052e-06,2025-08-25 12:44:02.693655
MiniLM-S,arabic,-1,KMeans,reg,sif,350,2.587839365005493,5.301835899055004e-06,2025-08-25 12:44:05.283593
MiniLM-S,arabic,-1,KMeans,reg,borep,350,4.928283214569092,1.4918323980768523e-05,2025-08-25 12:44:10.214271
mE5-S,arabic,-1,KMeans,reg,mean,350,2.4698078632354736,4.830875574714607e-06,2025-08-25 12:44:12.686193
mE5-S,arabic,-1,KMeans,reg,mmm,350,3.42476224899292,6.660211251444287e-06,2025-08-25 12:44:16.113143
mE5-S,arabic,-1,KMeans,reg,tfidfw,350,2.613746404647827,5.038359215292665e-06,2025-08-25 12:44:18.728910
mE5-S,arabic,-1,KMeans,reg,sif,350,2.5660481452941895,5.2322434473699995e-06,2025-08-25 12:44:21.297297
mE5-S,arabic,-1,KMeans,reg,borep,350,4.8542351722717285,1.4611922067867385e-05,2025-08-25 12:44:26.153245
XLM-R-T,arabic,-1,KMeans++,reg,mean,350,2.6725924015045166,5.242735427618027e-06,2025-08-25 12:44:28.828119
XLM-R-T,arabic,-1,KMeans++,reg,mmm,350,4.809927701950073,9.2854986240632e-06,2025-08-25 12:44:33.639846
XLM-R-T,arabic,-1,KMeans++,reg,tfidfw,350,3.0204970836639404,6.00114038636287e-06,2025-08-25 12:44:36.662293
XLM-R-T,arabic,-1,KMeans++,reg,sif,350,3.0212905406951904,6.2242781375183e-06,2025-08-25 12:44:39.685601
XLM-R-T,arabic,-1,KMeans++,reg,borep,350,6.780889987945557,2.2366263337091163e-05,2025-08-25 12:44:46.468177
mBERT-T,arabic,-1,KMeans++,reg,mean,350,1.3546345233917236,2.7830213708347748e-06,2025-08-25 12:44:47.824381
mBERT-T,arabic,-1,KMeans++,reg,mmm,350,4.129580974578857,8.042358947992325e-06,2025-08-25 12:44:51.955519
mBERT-T,arabic,-1,KMeans++,reg,tfidfw,350,1.628178358078003,3.2346476713816325e-06,2025-08-25 12:44:53.585249
mBERT-T,arabic,-1,KMeans++,reg,sif,350,1.6127386093139648,3.5135302535692848e-06,2025-08-25 12:44:55.200284
mBERT-T,arabic,-1,KMeans++,reg,borep,350,6.346201181411743,2.3137485612840567e-05,2025-08-25 12:45:01.548487
mT5-T,arabic,-1,KMeans++,reg,mean,350,2.5432538986206055,5.182233048147626e-06,2025-08-25 12:45:04.093896
mT5-T,arabic,-1,KMeans++,reg,mmm,350,5.314794540405273,1.021473984029558e-05,2025-08-25 12:45:09.410933
mT5-T,arabic,-1,KMeans++,reg,tfidfw,350,2.9330477714538574,5.6990747670332594e-06,2025-08-25 12:45:12.346312
mT5-T,arabic,-1,KMeans++,reg,sif,350,2.9309074878692627,5.893566473523777e-06,2025-08-25 12:45:15.279346
mT5-T,arabic,-1,KMeans++,reg,borep,350,7.52755069732666,2.6021428426409523e-05,2025-08-25 12:45:22.808716
XGLM-T,arabic,-1,KMeans++,reg,mean,350,4.414206266403198,8.739208781172832e-06,2025-08-25 12:45:27.224605
XGLM-T,arabic,-1,KMeans++,reg,mmm,350,7.456511974334717,1.4403791523755541e-05,2025-08-25 12:45:34.683190
XGLM-T,arabic,-1,KMeans++,reg,tfidfw,350,4.7615861892700195,9.446457934379577e-06,2025-08-25 12:45:39.446661
XGLM-T,arabic,-1,KMeans++,reg,sif,350,4.744462966918945,9.456307750940323e-06,2025-08-25 12:45:44.193403
XGLM-T,arabic,-1,KMeans++,reg,borep,350,9.666797161102295,3.203140976601176e-05,2025-08-25 12:45:53.862041
mDeBERTa-T,arabic,-1,KMeans++,reg,mean,350,2.482628583908081,4.950085548692279e-06,2025-08-25 12:45:56.347096
mDeBERTa-T,arabic,-1,KMeans++,reg,mmm,350,5.204397201538086,1.0002562288178336e-05,2025-08-25 12:46:01.553295
mDeBERTa-T,arabic,-1,KMeans++,reg,tfidfw,350,2.903913736343384,5.736439593334992e-06,2025-08-25 12:46:04.459404
mDeBERTa-T,arabic,-1,KMeans++,reg,sif,350,2.894880771636963,5.816700017121104e-06,2025-08-25 12:46:07.356443
mDeBERTa-T,arabic,-1,KMeans++,reg,borep,350,7.541300058364868,2.6165917139015504e-05,2025-08-25 12:46:14.899685
MPNet-S,arabic,-1,KMeans++,reg,mean,350,2.6017251014709473,5.198391293022367e-06,2025-08-25 12:46:17.503929
MPNet-S,arabic,-1,KMeans++,reg,mmm,350,4.717554330825806,9.123225903113682e-06,2025-08-25 12:46:22.223652
MPNet-S,arabic,-1,KMeans++,reg,tfidfw,350,2.9824471473693848,5.833583774500423e-06,2025-08-25 12:46:25.208138
MPNet-S,arabic,-1,KMeans++,reg,sif,350,2.9631309509277344,5.9921092563205294e-06,2025-08-25 12:46:28.173470
MPNet-S,arabic,-1,KMeans++,reg,borep,350,6.771369457244873,2.2461196770469348e-05,2025-08-25 12:46:34.947153
BGE-M3-S,arabic,-1,KMeans++,reg,mean,350,2.7035574913024902,5.371067549387613e-06,2025-08-25 12:46:37.652420
BGE-M3-S,arabic,-1,KMeans++,reg,mmm,350,5.658103704452515,1.1100570789946452e-05,2025-08-25 12:46:43.312616
BGE-M3-S,arabic,-1,KMeans++,reg,tfidfw,350,3.1252822875976562,6.094879216794615e-06,2025-08-25 12:46:46.439627
BGE-M3-S,arabic,-1,KMeans++,reg,sif,350,3.094191074371338,6.290375854527509e-06,2025-08-25 12:46:49.535854
BGE-M3-S,arabic,-1,KMeans++,reg,borep,350,7.870435476303101,2.690658280630906e-05,2025-08-25 12:46:57.408507
MiniLM-S,arabic,-1,KMeans++,reg,mean,350,2.372800350189209,4.677712245914671e-06,2025-08-25 12:46:59.782990
MiniLM-S,arabic,-1,KMeans++,reg,mmm,350,3.5237934589385986,6.891952706774076e-06,2025-08-25 12:47:03.308575
MiniLM-S,arabic,-1,KMeans++,reg,tfidfw,350,2.6381049156188965,5.130381253957748e-06,2025-08-25 12:47:05.948674
MiniLM-S,arabic,-1,KMeans++,reg,sif,350,2.620986223220825,5.38867486976915e-06,2025-08-25 12:47:08.571494
MiniLM-S,arabic,-1,KMeans++,reg,borep,350,4.868314981460571,1.4750656316396263e-05,2025-08-25 12:47:13.441928
mE5-S,arabic,-1,KMeans++,reg,mean,350,2.3231866359710693,4.540539214081234e-06,2025-08-25 12:47:15.766929
mE5-S,arabic,-1,KMeans++,reg,mmm,350,3.4636197090148926,6.774262880881627e-06,2025-08-25 12:47:19.232560
mE5-S,arabic,-1,KMeans++,reg,tfidfw,350,2.5833189487457275,5.023837766713567e-06,2025-08-25 12:47:21.817665
mE5-S,arabic,-1,KMeans++,reg,sif,350,2.543292284011841,5.2105700668692584e-06,2025-08-25 12:47:24.362832
mE5-S,arabic,-1,KMeans++,reg,borep,350,4.857585430145264,1.474547043906318e-05,2025-08-25 12:47:29.222346
XLM-R-T,bengali,-1,KMeans,reg,mean,450,3.2728374004364014,6.419609952855993e-06,2025-08-25 12:47:32.549597
XLM-R-T,bengali,-1,KMeans,reg,mmm,450,6.56040620803833,1.2639412238310886e-05,2025-08-25 12:47:39.112458
XLM-R-T,bengali,-1,KMeans,reg,tfidfw,450,3.6841084957122803,7.257693736553192e-06,2025-08-25 12:47:42.798201
XLM-R-T,bengali,-1,KMeans,reg,sif,450,3.6664891242980957,7.574015959545419e-06,2025-08-25 12:47:46.466614
XLM-R-T,bengali,-1,KMeans,reg,borep,450,9.458351612091064,3.2706629565291936e-05,2025-08-25 12:47:55.927410
mBERT-T,bengali,-1,KMeans,reg,mean,450,2.075603485107422,4.208862622578939e-06,2025-08-25 12:47:58.004645
mBERT-T,bengali,-1,KMeans,reg,mmm,450,6.434750080108643,1.2555210283619386e-05,2025-08-25 12:48:04.441277
mBERT-T,bengali,-1,KMeans,reg,tfidfw,450,2.472827911376953,4.926766165097554e-06,2025-08-25 12:48:06.916096
mBERT-T,bengali,-1,KMeans,reg,sif,450,2.4762260913848877,5.296716393530368e-06,2025-08-25 12:48:09.394163
mBERT-T,bengali,-1,KMeans,reg,borep,450,9.742482662200928,3.616595994432767e-05,2025-08-25 12:48:19.138358
mT5-T,bengali,-1,KMeans,reg,mean,450,3.3224833011627197,6.666808853657157e-06,2025-08-25 12:48:22.462361
mT5-T,bengali,-1,KMeans,reg,mmm,450,7.540662050247192,1.4513979050999594e-05,2025-08-25 12:48:30.004914
mT5-T,bengali,-1,KMeans,reg,tfidfw,450,3.7218754291534424,7.384131927821372e-06,2025-08-25 12:48:33.728896
mT5-T,bengali,-1,KMeans,reg,sif,450,3.7405548095703125,7.685108395329229e-06,2025-08-25 12:48:37.471560
mT5-T,bengali,-1,KMeans,reg,borep,450,10.897317886352539,3.874147860235638e-05,2025-08-25 12:48:48.371247
XGLM-T,bengali,-1,KMeans,reg,mean,450,6.285044193267822,1.2401614285243883e-05,2025-08-25 12:48:54.658267
XGLM-T,bengali,-1,KMeans,reg,mmm,450,10.929547786712646,2.1372123499817318e-05,2025-08-25 12:49:05.589689
XGLM-T,bengali,-1,KMeans,reg,tfidfw,450,6.575161695480347,1.2934195390785183e-05,2025-08-25 12:49:12.166875
XGLM-T,bengali,-1,KMeans,reg,sif,450,6.542480230331421,1.3268513378236028e-05,2025-08-25 12:49:18.711410
XGLM-T,bengali,-1,KMeans,reg,borep,450,14.30624008178711,4.817626347541809e-05,2025-08-25 12:49:33.019622
mDeBERTa-T,bengali,-1,KMeans,reg,mean,450,3.302596092224121,6.605497980382708e-06,2025-08-25 12:49:36.324183
mDeBERTa-T,bengali,-1,KMeans,reg,mmm,450,7.444561719894409,1.4458993207083808e-05,2025-08-25 12:49:43.770971
mDeBERTa-T,bengali,-1,KMeans,reg,tfidfw,450,3.772876739501953,7.524094371795654e-06,2025-08-25 12:49:47.546267
mDeBERTa-T,bengali,-1,KMeans,reg,sif,450,3.7404441833496094,7.561584986580744e-06,2025-08-25 12:49:51.288340
mDeBERTa-T,bengali,-1,KMeans,reg,borep,450,10.924129009246826,3.88741199754609e-05,2025-08-25 12:50:02.214944
MPNet-S,bengali,-1,KMeans,reg,mean,450,3.3517563343048096,6.687684930364291e-06,2025-08-25 12:50:05.568933
MPNet-S,bengali,-1,KMeans,reg,mmm,450,6.553561687469482,1.2704200693413063e-05,2025-08-25 12:50:12.124472
MPNet-S,bengali,-1,KMeans,reg,tfidfw,450,3.69417405128479,7.353116627821216e-06,2025-08-25 12:50:15.820365
MPNet-S,bengali,-1,KMeans,reg,sif,450,3.663344383239746,7.581426880536256e-06,2025-08-25 12:50:19.485716
MPNet-S,bengali,-1,KMeans,reg,borep,450,9.437042236328125,3.2668477074893906e-05,2025-08-25 12:50:28.924681
BGE-M3-S,bengali,-1,KMeans,reg,mean,450,3.4829046726226807,7.0112806006934905e-06,2025-08-25 12:50:32.410057
BGE-M3-S,bengali,-1,KMeans,reg,mmm,450,7.941653728485107,1.536678481962946e-05,2025-08-25 12:50:40.353600
BGE-M3-S,bengali,-1,KMeans,reg,tfidfw,450,3.8743197917938232,7.68263265380153e-06,2025-08-25 12:50:44.230019
BGE-M3-S,bengali,-1,KMeans,reg,sif,450,3.8815722465515137,7.959738939294107e-06,2025-08-25 12:50:48.113829
BGE-M3-S,bengali,-1,KMeans,reg,borep,450,11.309958696365356,3.9906161082061854e-05,2025-08-25 12:50:59.425767
MiniLM-S,bengali,-1,KMeans,reg,mean,450,2.9780380725860596,5.920918751259645e-06,2025-08-25 12:51:02.405934
MiniLM-S,bengali,-1,KMeans,reg,mmm,450,4.584769248962402,8.92883811235428e-06,2025-08-25 12:51:06.993207
MiniLM-S,bengali,-1,KMeans,reg,tfidfw,450,3.157501459121704,6.264716783894434e-06,2025-08-25 12:51:10.152841
MiniLM-S,bengali,-1,KMeans,reg,sif,450,3.188976287841797,6.5518698936038556e-06,2025-08-25 12:51:13.344003
MiniLM-S,bengali,-1,KMeans,reg,borep,450,6.784442186355591,2.1337384770633997e-05,2025-08-25 12:51:20.130638
mE5-S,bengali,-1,KMeans,reg,mean,450,2.7895867824554443,5.577623794476191e-06,2025-08-25 12:51:22.922698
mE5-S,bengali,-1,KMeans,reg,mmm,450,4.537752866744995,8.925822913232777e-06,2025-08-25 12:51:27.462628
mE5-S,bengali,-1,KMeans,reg,tfidfw,450,3.092410087585449,6.027622662385305e-06,2025-08-25 12:51:30.556863
mE5-S,bengali,-1,KMeans,reg,sif,450,3.0537493228912354,6.2279520912965135e-06,2025-08-25 12:51:33.612585
mE5-S,bengali,-1,KMeans,reg,borep,450,6.529622793197632,2.075150399360392e-05,2025-08-25 12:51:40.144168
XLM-R-T,bengali,-1,KMeans++,reg,mean,450,3.2528176307678223,6.490274733834796e-06,2025-08-25 12:51:43.399041
XLM-R-T,bengali,-1,KMeans++,reg,mmm,450,6.610381126403809,1.2839441193386361e-05,2025-08-25 12:51:50.011749
XLM-R-T,bengali,-1,KMeans++,reg,tfidfw,450,3.690974235534668,7.388441851668887e-06,2025-08-25 12:51:53.704462
XLM-R-T,bengali,-1,KMeans++,reg,sif,450,3.6635146141052246,7.4752658843552614e-06,2025-08-25 12:51:57.370250
XLM-R-T,bengali,-1,KMeans++,reg,borep,450,9.500031471252441,3.283961496235412e-05,2025-08-25 12:52:06.872220
mBERT-T,bengali,-1,KMeans++,reg,mean,450,2.005777359008789,4.165888142585754e-06,2025-08-25 12:52:08.879728
mBERT-T,bengali,-1,KMeans++,reg,mmm,450,6.411426782608032,1.2532261582800637e-05,2025-08-25 12:52:15.293237
mBERT-T,bengali,-1,KMeans++,reg,tfidfw,450,2.4527502059936523,4.927983955542246e-06,2025-08-25 12:52:17.748007
mBERT-T,bengali,-1,KMeans++,reg,sif,450,2.461371898651123,5.181871561076906e-06,2025-08-25 12:52:20.211057
mBERT-T,bengali,-1,KMeans++,reg,borep,450,9.648907661437988,3.562531567614756e-05,2025-08-25 12:52:29.861638
mT5-T,bengali,-1,KMeans++,reg,mean,450,3.2095048427581787,6.484982840617497e-06,2025-08-25 12:52:33.081214
mT5-T,bengali,-1,KMeans++,reg,mmm,450,7.4901745319366455,1.471522066377458e-05,2025-08-25 12:52:40.573685
mT5-T,bengali,-1,KMeans++,reg,tfidfw,450,3.734642267227173,7.371077274834669e-06,2025-08-25 12:52:44.310482
mT5-T,bengali,-1,KMeans++,reg,sif,450,3.743650436401367,7.663044462733797e-06,2025-08-25 12:52:48.056318
mT5-T,bengali,-1,KMeans++,reg,borep,450,10.810469627380371,3.820209762740135e-05,2025-08-25 12:52:58.869554
XGLM-T,bengali,-1,KMeans++,reg,mean,450,6.062371730804443,1.1975990821917854e-05,2025-08-25 12:53:04.934083
XGLM-T,bengali,-1,KMeans++,reg,mmm,450,10.955985307693481,2.151938114186128e-05,2025-08-25 12:53:15.892493
XGLM-T,bengali,-1,KMeans++,reg,tfidfw,450,6.573362827301025,1.2985434807450685e-05,2025-08-25 12:53:22.467866
XGLM-T,bengali,-1,KMeans++,reg,sif,450,6.62252402305603,1.3418582703382881e-05,2025-08-25 12:53:29.092398
XGLM-T,bengali,-1,KMeans++,reg,borep,450,14.312782526016235,4.8313592571152584e-05,2025-08-25 12:53:43.407126
mDeBERTa-T,bengali,-1,KMeans++,reg,mean,450,3.188352108001709,6.349544179527848e-06,2025-08-25 12:53:46.597714
mDeBERTa-T,bengali,-1,KMeans++,reg,mmm,450,7.439508676528931,1.4421723744329952e-05,2025-08-25 12:53:54.039126
mDeBERTa-T,bengali,-1,KMeans++,reg,tfidfw,450,3.72086501121521,7.4482759886538544e-06,2025-08-25 12:53:57.762151
mDeBERTa-T,bengali,-1,KMeans++,reg,sif,450,3.7356691360473633,7.60831280708313e-06,2025-08-25 12:54:01.500224
mDeBERTa-T,bengali,-1,KMeans++,reg,borep,450,10.834293603897095,3.85791138078769e-05,2025-08-25 12:54:12.336643
MPNet-S,bengali,-1,KMeans++,reg,mean,450,3.1963624954223633,6.413738114657225e-06,2025-08-25 12:54:15.535053
MPNet-S,bengali,-1,KMeans++,reg,mmm,450,6.52403712272644,1.2684117544856336e-05,2025-08-25 12:54:22.061009
MPNet-S,bengali,-1,KMeans++,reg,tfidfw,450,3.656569719314575,7.319572292764982e-06,2025-08-25 12:54:25.719793
MPNet-S,bengali,-1,KMeans++,reg,sif,450,3.6317474842071533,7.516035927732785e-06,2025-08-25 12:54:29.354200
MPNet-S,bengali,-1,KMeans++,reg,borep,450,9.447322607040405,3.251511847395956e-05,2025-08-25 12:54:38.804006
BGE-M3-S,bengali,-1,KMeans++,reg,mean,450,3.3941123485565186,6.746741101741791e-06,2025-08-25 12:54:42.200200
BGE-M3-S,bengali,-1,KMeans++,reg,mmm,450,7.942727565765381,1.5650009992974145e-05,2025-08-25 12:54:50.145052
BGE-M3-S,bengali,-1,KMeans++,reg,tfidfw,450,3.85711669921875,7.76459019978841e-06,2025-08-25 12:54:54.004327
BGE-M3-S,bengali,-1,KMeans++,reg,sif,450,3.8751614093780518,7.935828230667998e-06,2025-08-25 12:54:57.881891
BGE-M3-S,bengali,-1,KMeans++,reg,borep,450,11.257529735565186,3.988178905561716e-05,2025-08-25 12:55:09.141655
MiniLM-S,bengali,-1,KMeans++,reg,mean,450,2.824502468109131,5.73923209839397e-06,2025-08-25 12:55:11.968354
MiniLM-S,bengali,-1,KMeans++,reg,mmm,450,4.625771522521973,8.932557550470037e-06,2025-08-25 12:55:16.596472
MiniLM-S,bengali,-1,KMeans++,reg,tfidfw,450,3.1661925315856934,6.225379482242796e-06,2025-08-25 12:55:19.764651
MiniLM-S,bengali,-1,KMeans++,reg,sif,450,3.1726863384246826,6.49431267440319e-06,2025-08-25 12:55:22.939484
MiniLM-S,bengali,-1,KMeans++,reg,borep,450,6.659794330596924,2.1114939589919867e-05,2025-08-25 12:55:29.601562
mE5-S,bengali,-1,KMeans++,reg,mean,450,2.7679152488708496,5.503538153171538e-06,2025-08-25 12:55:32.371730
mE5-S,bengali,-1,KMeans++,reg,mmm,450,4.502221584320068,8.798716654578845e-06,2025-08-25 12:55:36.876440
mE5-S,bengali,-1,KMeans++,reg,tfidfw,450,3.0880496501922607,6.019123443166415e-06,2025-08-25 12:55:39.967018
mE5-S,bengali,-1,KMeans++,reg,sif,450,3.0502138137817383,6.235145404338836e-06,2025-08-25 12:55:43.019137
mE5-S,bengali,-1,KMeans++,reg,borep,450,6.542064428329468,2.0833446470697722e-05,2025-08-25 12:55:49.563543
XLM-R-T,chinese,-1,KMeans,reg,mean,750,1.5048341751098633,3.006742283768124e-06,2025-08-25 12:55:51.074560
XLM-R-T,chinese,-1,KMeans,reg,mmm,750,1.69472074508667,3.309413010544247e-06,2025-08-25 12:55:52.771522
XLM-R-T,chinese,-1,KMeans,reg,tfidfw,750,1.5876424312591553,3.1183943420648574e-06,2025-08-25 12:55:54.361040
XLM-R-T,chinese,-1,KMeans,reg,sif,750,1.6045973300933838,3.242178049749798e-06,2025-08-25 12:55:55.967868
XLM-R-T,chinese,-1,KMeans,reg,borep,750,2.316688299179077,6.5449662074446685e-06,2025-08-25 12:55:58.286604
mBERT-T,chinese,-1,KMeans,reg,mean,750,0.4618523120880127,0,2025-08-25 12:55:58.749933
mBERT-T,chinese,-1,KMeans,reg,mmm,750,0.7522299289703369,0,2025-08-25 12:55:59.504276
mBERT-T,chinese,-1,KMeans,reg,tfidfw,750,0.5188617706298828,0,2025-08-25 12:56:00.024839
mBERT-T,chinese,-1,KMeans,reg,sif,750,0.5228309631347656,0,2025-08-25 12:56:00.549492
mBERT-T,chinese,-1,KMeans,reg,borep,750,1.3054368495941162,4.399322183132171e-06,2025-08-25 12:56:01.856667
mT5-T,chinese,-1,KMeans,reg,mean,750,1.3751153945922852,2.8094371464517384e-06,2025-08-25 12:56:03.233287
mT5-T,chinese,-1,KMeans,reg,mmm,750,1.5255370140075684,3.013783123228285e-06,2025-08-25 12:56:04.760601
mT5-T,chinese,-1,KMeans,reg,tfidfw,750,1.4083003997802734,2.7344499429066977e-06,2025-08-25 12:56:06.170920
mT5-T,chinese,-1,KMeans,reg,sif,750,1.4056384563446045,2.998695373535156e-06,2025-08-25 12:56:07.578557
mT5-T,chinese,-1,KMeans,reg,borep,750,2.119682550430298,5.917152719597021e-06,2025-08-25 12:56:09.700118
XGLM-T,chinese,-1,KMeans,reg,mean,750,1.6079480648040771,3.230635653535525e-06,2025-08-25 12:56:11.309933
XGLM-T,chinese,-1,KMeans,reg,mmm,750,1.900012493133545,3.710302174091339e-06,2025-08-25 12:56:13.212185
XGLM-T,chinese,-1,KMeans,reg,tfidfw,750,1.6557049751281738,3.2709371619754367e-06,2025-08-25 12:56:14.869810
XGLM-T,chinese,-1,KMeans,reg,sif,750,1.67826509475708,3.3910278609063893e-06,2025-08-25 12:56:16.550243
XGLM-T,chinese,-1,KMeans,reg,borep,750,2.62190842628479,7.5922456638349425e-06,2025-08-25 12:56:19.174115
mDeBERTa-T,chinese,-1,KMeans,reg,mean,750,1.3396553993225098,2.7068481596310933e-06,2025-08-25 12:56:20.515955
mDeBERTa-T,chinese,-1,KMeans,reg,mmm,750,1.5151050090789795,2.9586633927292292e-06,2025-08-25 12:56:22.032883
mDeBERTa-T,chinese,-1,KMeans,reg,tfidfw,750,1.4003496170043945,2.719012173016866e-06,2025-08-25 12:56:23.435084
mDeBERTa-T,chinese,-1,KMeans,reg,sif,750,1.389725685119629,3.011844387584262e-06,2025-08-25 12:56:24.826633
mDeBERTa-T,chinese,-1,KMeans,reg,borep,750,2.101189613342285,5.89675518433253e-06,2025-08-25 12:56:26.929598
MPNet-S,chinese,-1,KMeans,reg,mean,750,1.5131807327270508,3.0234191695849102e-06,2025-08-25 12:56:28.445004
MPNet-S,chinese,-1,KMeans,reg,mmm,750,1.7033159732818604,3.326197581158744e-06,2025-08-25 12:56:30.150418
MPNet-S,chinese,-1,KMeans,reg,tfidfw,750,1.6056365966796875,3.1354514651828345e-06,2025-08-25 12:56:31.758120
MPNet-S,chinese,-1,KMeans,reg,sif,750,1.6041717529296875,3.1691304185655384e-06,2025-08-25 12:56:33.364705
MPNet-S,chinese,-1,KMeans,reg,borep,750,2.300753593444824,6.474064972665575e-06,2025-08-25 12:56:35.667566
BGE-M3-S,chinese,-1,KMeans,reg,mean,750,1.570265293121338,3.119593715667725e-06,2025-08-25 12:56:37.239698
BGE-M3-S,chinese,-1,KMeans,reg,mmm,750,1.7818927764892578,3.499934395154317e-06,2025-08-25 12:56:39.023870
BGE-M3-S,chinese,-1,KMeans,reg,tfidfw,750,1.6014814376831055,3.1095431248346965e-06,2025-08-25 12:56:40.627221
BGE-M3-S,chinese,-1,KMeans,reg,sif,750,1.6367285251617432,3.2334481308195325e-06,2025-08-25 12:56:42.266007
BGE-M3-S,chinese,-1,KMeans,reg,borep,750,2.5729734897613525,7.406947433650493e-06,2025-08-25 12:56:44.841138
MiniLM-S,chinese,-1,KMeans,reg,mean,750,1.4216203689575195,2.840476476086511e-06,2025-08-25 12:56:46.264814
MiniLM-S,chinese,-1,KMeans,reg,mmm,750,1.5390212535858154,3.040421987639533e-06,2025-08-25 12:56:47.806102
MiniLM-S,chinese,-1,KMeans,reg,tfidfw,750,1.5417487621307373,2.9807142734527587e-06,2025-08-25 12:56:49.349928
MiniLM-S,chinese,-1,KMeans,reg,sif,750,1.529907464981079,3.1256859458155103e-06,2025-08-25 12:56:50.882060
MiniLM-S,chinese,-1,KMeans,reg,borep,750,1.925715446472168,4.565015450053745e-06,2025-08-25 12:56:52.810238
mE5-S,chinese,-1,KMeans,reg,mean,750,1.4565215110778809,2.87743916299608e-06,2025-08-25 12:56:54.268815
mE5-S,chinese,-1,KMeans,reg,mmm,750,1.5515143871307373,3.0651028670205008e-06,2025-08-25 12:56:55.822694
mE5-S,chinese,-1,KMeans,reg,tfidfw,750,1.575000524520874,3.0450010140736895e-06,2025-08-25 12:56:57.399527
mE5-S,chinese,-1,KMeans,reg,sif,750,1.5466132164001465,3.107403720617294e-06,2025-08-25 12:56:58.948521
mE5-S,chinese,-1,KMeans,reg,borep,750,1.968766450881958,4.556053695082664e-06,2025-08-25 12:57:00.919646
XLM-R-T,chinese,-1,KMeans++,reg,mean,750,1.432873249053955,2.8307207075754802e-06,2025-08-25 12:57:02.354650
XLM-R-T,chinese,-1,KMeans++,reg,mmm,750,1.6767446994781494,3.2743097881476087e-06,2025-08-25 12:57:04.034042
XLM-R-T,chinese,-1,KMeans++,reg,tfidfw,750,1.589876413345337,3.0737610658009847e-06,2025-08-25 12:57:05.626182
XLM-R-T,chinese,-1,KMeans++,reg,sif,750,1.569826364517212,3.1540428040424982e-06,2025-08-25 12:57:07.197916
XLM-R-T,chinese,-1,KMeans++,reg,borep,750,2.2592861652374268,6.2936809189120936e-06,2025-08-25 12:57:09.459397
mBERT-T,chinese,-1,KMeans++,reg,mean,750,0.4395475387573242,0,2025-08-25 12:57:09.900683
mBERT-T,chinese,-1,KMeans++,reg,mmm,750,0.7512164115905762,0,2025-08-25 12:57:10.653651
mBERT-T,chinese,-1,KMeans++,reg,tfidfw,750,0.5056536197662354,0,2025-08-25 12:57:11.160869
mBERT-T,chinese,-1,KMeans++,reg,sif,750,0.5072906017303467,0,2025-08-25 12:57:11.670530
mBERT-T,chinese,-1,KMeans++,reg,borep,750,1.2755975723266602,4.320732443597582e-06,2025-08-25 12:57:12.948092
mT5-T,chinese,-1,KMeans++,reg,mean,750,1.2629249095916748,2.6089923757314683e-06,2025-08-25 12:57:14.212853
mT5-T,chinese,-1,KMeans++,reg,mmm,750,1.5022661685943604,2.9335919903384313e-06,2025-08-25 12:57:15.717202
mT5-T,chinese,-1,KMeans++,reg,tfidfw,750,1.37186598777771,2.678949415021473e-06,2025-08-25 12:57:17.091029
mT5-T,chinese,-1,KMeans++,reg,sif,750,1.36543607711792,2.928481097618739e-06,2025-08-25 12:57:18.458761
mT5-T,chinese,-1,KMeans++,reg,borep,750,2.073549747467041,5.737396954033109e-06,2025-08-25 12:57:20.534254
XGLM-T,chinese,-1,KMeans++,reg,mean,750,1.5186243057250977,3.0684647777345444e-06,2025-08-25 12:57:22.054790
XGLM-T,chinese,-1,KMeans++,reg,mmm,750,1.8683927059173584,3.5909469811783896e-06,2025-08-25 12:57:23.925300
XGLM-T,chinese,-1,KMeans++,reg,tfidfw,750,1.630552053451538,3.1524006366729735e-06,2025-08-25 12:57:25.558189
XGLM-T,chinese,-1,KMeans++,reg,sif,750,1.6112592220306396,3.364846342007319e-06,2025-08-25 12:57:27.171607
XGLM-T,chinese,-1,KMeans++,reg,borep,750,2.717527151107788,7.983868309358754e-06,2025-08-25 12:57:29.891408
mDeBERTa-T,chinese,-1,KMeans++,reg,mean,750,1.2398338317871094,2.4910328070322674e-06,2025-08-25 12:57:31.133278
mDeBERTa-T,chinese,-1,KMeans++,reg,mmm,750,1.5013854503631592,2.8855794252951937e-06,2025-08-25 12:57:32.637274
mDeBERTa-T,chinese,-1,KMeans++,reg,tfidfw,750,1.3696718215942383,2.678849804401398e-06,2025-08-25 12:57:34.009114
mDeBERTa-T,chinese,-1,KMeans++,reg,sif,750,1.3712265491485596,2.9565167984697553e-06,2025-08-25 12:57:35.382457
mDeBERTa-T,chinese,-1,KMeans++,reg,borep,750,2.068652391433716,5.7588984074857495e-06,2025-08-25 12:57:37.452852
MPNet-S,chinese,-1,KMeans++,reg,mean,750,1.4204764366149902,2.886329203844071e-06,2025-08-25 12:57:38.875405
MPNet-S,chinese,-1,KMeans++,reg,mmm,750,1.6763508319854736,3.2409449418385826e-06,2025-08-25 12:57:40.553817
MPNet-S,chinese,-1,KMeans++,reg,tfidfw,750,1.565629243850708,3.0621098627646766e-06,2025-08-25 12:57:42.121734
MPNet-S,chinese,-1,KMeans++,reg,sif,750,1.568021535873413,3.1329941409826275e-06,2025-08-25 12:57:43.692035
MPNet-S,chinese,-1,KMeans++,reg,borep,750,2.228933811187744,6.184053029484219e-06,2025-08-25 12:57:45.922964
BGE-M3-S,chinese,-1,KMeans++,reg,mean,750,1.452232837677002,2.885102570851644e-06,2025-08-25 12:57:47.377973
BGE-M3-S,chinese,-1,KMeans++,reg,mmm,750,1.7789890766143799,3.4794061356782917e-06,2025-08-25 12:57:49.158998
BGE-M3-S,chinese,-1,KMeans++,reg,tfidfw,750,1.601402997970581,3.0911526202493244e-06,2025-08-25 12:57:50.762760
BGE-M3-S,chinese,-1,KMeans++,reg,sif,750,1.5923326015472412,3.181569000813696e-06,2025-08-25 12:57:52.357383
BGE-M3-S,chinese,-1,KMeans++,reg,borep,750,2.5234642028808594,7.43545737001631e-06,2025-08-25 12:57:54.882898
MiniLM-S,chinese,-1,KMeans++,reg,mean,750,1.4039955139160156,2.8052610365549723e-06,2025-08-25 12:57:56.288938
MiniLM-S,chinese,-1,KMeans++,reg,mmm,750,1.5484700202941895,3.0066126227378847e-06,2025-08-25 12:57:57.839701
MiniLM-S,chinese,-1,KMeans++,reg,tfidfw,750,1.5377581119537354,2.9729990164438884e-06,2025-08-25 12:57:59.379520
MiniLM-S,chinese,-1,KMeans++,reg,sif,750,1.5613317489624023,3.189887503782908e-06,2025-08-25 12:58:00.943380
MiniLM-S,chinese,-1,KMeans++,reg,borep,750,1.9221932888031006,4.513416630625725e-06,2025-08-25 12:58:02.867755
mE5-S,chinese,-1,KMeans++,reg,mean,750,1.3975040912628174,2.765117122795847e-06,2025-08-25 12:58:04.267309
mE5-S,chinese,-1,KMeans++,reg,mmm,750,1.5451440811157227,3.000154757499695e-06,2025-08-25 12:58:05.814694
mE5-S,chinese,-1,KMeans++,reg,tfidfw,750,1.5444557666778564,3.0159788999292585e-06,2025-08-25 12:58:07.361217
mE5-S,chinese,-1,KMeans++,reg,sif,750,1.5262751579284668,3.135647518899706e-06,2025-08-25 12:58:08.890055
mE5-S,chinese,-1,KMeans++,reg,borep,750,1.9381439685821533,4.638086191482014e-06,2025-08-25 12:58:10.830575
XLM-R-T,english,-1,KMeans,reg,mean,200,1.3786211013793945,2.6963531041145327e-06,2025-08-25 12:58:12.215064
XLM-R-T,english,-1,KMeans,reg,mmm,200,1.508091688156128,2.911035872499148e-06,2025-08-25 12:58:13.725728
XLM-R-T,english,-1,KMeans,reg,tfidfw,200,1.6403789520263672,3.2032955646514898e-06,2025-08-25 12:58:15.368226
XLM-R-T,english,-1,KMeans,reg,sif,200,1.5842113494873047,3.1472998809814455e-06,2025-08-25 12:58:16.954514
XLM-R-T,english,-1,KMeans,reg,borep,200,1.842216968536377,4.367077669302623e-06,2025-08-25 12:58:18.799048
mBERT-T,english,-1,KMeans,reg,mean,200,0.3356654644012451,0,2025-08-25 12:58:19.136582
mBERT-T,english,-1,KMeans,reg,mmm,200,0.4995450973510742,0,2025-08-25 12:58:19.638173
mBERT-T,english,-1,KMeans,reg,tfidfw,200,0.578038215637207,0,2025-08-25 12:58:20.218019
mBERT-T,english,-1,KMeans,reg,sif,200,0.5552473068237305,0,2025-08-25 12:58:20.775287
mBERT-T,english,-1,KMeans,reg,borep,200,0.7838914394378662,0,2025-08-25 12:58:21.560857
mT5-T,english,-1,KMeans,reg,mean,200,1.1881399154663086,2.400702706972758e-06,2025-08-25 12:58:22.750959
mT5-T,english,-1,KMeans,reg,mmm,200,1.3494873046875,2.639372253417969e-06,2025-08-25 12:58:24.102564
mT5-T,english,-1,KMeans,reg,tfidfw,200,1.531733751296997,3.0132606740792593e-06,2025-08-25 12:58:25.636496
mT5-T,english,-1,KMeans,reg,sif,200,1.4849560260772705,2.9501126384735107e-06,2025-08-25 12:58:27.123416
mT5-T,english,-1,KMeans,reg,borep,200,1.6527070999145508,4.395741800467173e-06,2025-08-25 12:58:28.778305
XGLM-T,english,-1,KMeans,reg,mean,200,1.4815576076507568,2.9433611138661703e-06,2025-08-25 12:58:30.261950
XGLM-T,english,-1,KMeans,reg,mmm,200,1.6308634281158447,3.1665931562582655e-06,2025-08-25 12:58:31.894985
XGLM-T,english,-1,KMeans,reg,tfidfw,200,1.7591023445129395,3.435135967201657e-06,2025-08-25 12:58:33.656081
XGLM-T,english,-1,KMeans,reg,sif,200,1.7227399349212646,3.3890122830867767e-06,2025-08-25 12:58:35.380666
XGLM-T,english,-1,KMeans,reg,borep,200,1.9932432174682617,4.7699417551358546e-06,2025-08-25 12:58:37.375978
mDeBERTa-T,english,-1,KMeans,reg,mean,200,1.2061824798583984,2.4234216324488322e-06,2025-08-25 12:58:38.584173
mDeBERTa-T,english,-1,KMeans,reg,mmm,200,1.334313154220581,2.6096941441297533e-06,2025-08-25 12:58:39.920458
mDeBERTa-T,english,-1,KMeans,reg,tfidfw,200,1.5324816703796387,3.0275026777055527e-06,2025-08-25 12:58:41.455208
mDeBERTa-T,english,-1,KMeans,reg,sif,200,1.4853415489196777,2.967794933716456e-06,2025-08-25 12:58:42.943456
mDeBERTa-T,english,-1,KMeans,reg,borep,200,1.6377971172332764,4.418412667380439e-06,2025-08-25 12:58:44.583457
MPNet-S,english,-1,KMeans,reg,mean,200,1.3857924938201904,2.768890391124619e-06,2025-08-25 12:58:45.971910
MPNet-S,english,-1,KMeans,reg,mmm,200,1.520751714706421,2.9401199817657474e-06,2025-08-25 12:58:47.494814
MPNet-S,english,-1,KMeans,reg,tfidfw,200,1.6123778820037842,3.203257392247518e-06,2025-08-25 12:58:49.109278
MPNet-S,english,-1,KMeans,reg,sif,200,1.5937232971191406,3.117057148615519e-06,2025-08-25 12:58:50.705260
MPNet-S,english,-1,KMeans,reg,borep,200,1.7784373760223389,4.276153868569269e-06,2025-08-25 12:58:52.486196
BGE-M3-S,english,-1,KMeans,reg,mean,200,1.3958470821380615,2.8044894291957214e-06,2025-08-25 12:58:53.884241
BGE-M3-S,english,-1,KMeans,reg,mmm,200,1.5833542346954346,3.061151520411174e-06,2025-08-25 12:58:55.469643
BGE-M3-S,english,-1,KMeans,reg,tfidfw,200,1.639862298965454,3.2396390750673085e-06,2025-08-25 12:58:57.111697
BGE-M3-S,english,-1,KMeans,reg,sif,200,1.6266636848449707,3.1634090159999002e-06,2025-08-25 12:58:58.740564
BGE-M3-S,english,-1,KMeans,reg,borep,200,1.9539985656738281,4.74224596341451e-06,2025-08-25 12:59:00.696800
MiniLM-S,english,-1,KMeans,reg,mean,200,1.3377928733825684,2.6729844828446705e-06,2025-08-25 12:59:02.036603
MiniLM-S,english,-1,KMeans,reg,mmm,200,1.4311933517456055,2.766973813374837e-06,2025-08-25 12:59:03.470030
MiniLM-S,english,-1,KMeans,reg,tfidfw,200,1.5845084190368652,3.1302844100528293e-06,2025-08-25 12:59:05.056780
MiniLM-S,english,-1,KMeans,reg,sif,200,1.5617401599884033,3.037150794466337e-06,2025-08-25 12:59:06.620830
MiniLM-S,english,-1,KMeans,reg,borep,200,1.574277639389038,3.6964913571543163e-06,2025-08-25 12:59:08.197525
mE5-S,english,-1,KMeans,reg,mean,200,1.321993112564087,2.5855981959899268e-06,2025-08-25 12:59:09.521747
mE5-S,english,-1,KMeans,reg,mmm,200,1.4209308624267578,2.779103945096334e-06,2025-08-25 12:59:10.944742
mE5-S,english,-1,KMeans,reg,tfidfw,200,1.5902066230773926,3.1101791203022006e-06,2025-08-25 12:59:12.537299
mE5-S,english,-1,KMeans,reg,sif,200,1.5505001544952393,3.063099194102817e-06,2025-08-25 12:59:14.089867
mE5-S,english,-1,KMeans,reg,borep,200,1.6080400943756104,3.75745368719101e-06,2025-08-25 12:59:15.700267
XLM-R-T,english,-1,KMeans++,reg,mean,200,1.3501603603363037,2.6673168007532755e-06,2025-08-25 12:59:17.052734
XLM-R-T,english,-1,KMeans++,reg,mmm,200,1.513688325881958,2.926464096705119e-06,2025-08-25 12:59:18.568736
XLM-R-T,english,-1,KMeans++,reg,tfidfw,200,1.6233189105987549,3.206956692271763e-06,2025-08-25 12:59:20.194404
XLM-R-T,english,-1,KMeans++,reg,sif,200,1.5936269760131836,3.1119993448257446e-06,2025-08-25 12:59:21.790378
XLM-R-T,english,-1,KMeans++,reg,borep,200,1.7609331607818604,4.313307947715124e-06,2025-08-25 12:59:23.553558
mBERT-T,english,-1,KMeans++,reg,mean,200,0.32355737686157227,0,2025-08-25 12:59:23.879247
mBERT-T,english,-1,KMeans++,reg,mmm,200,0.5071403980255127,0,2025-08-25 12:59:24.388305
mBERT-T,english,-1,KMeans++,reg,tfidfw,200,0.5717196464538574,0,2025-08-25 12:59:24.961807
mBERT-T,english,-1,KMeans++,reg,sif,200,0.5863134860992432,0,2025-08-25 12:59:25.550074
mBERT-T,english,-1,KMeans++,reg,borep,200,0.6922838687896729,0,2025-08-25 12:59:26.244003
mT5-T,english,-1,KMeans++,reg,mean,200,1.156708002090454,2.3371927797794342e-06,2025-08-25 12:59:27.402674
mT5-T,english,-1,KMeans++,reg,mmm,200,1.3516020774841309,2.639378501309289e-06,2025-08-25 12:59:28.756256
mT5-T,english,-1,KMeans++,reg,tfidfw,200,1.5399081707000732,3.0592842324574787e-06,2025-08-25 12:59:30.297997
mT5-T,english,-1,KMeans++,reg,sif,200,1.4886155128479004,2.940842646492852e-06,2025-08-25 12:59:31.788834
mT5-T,english,-1,KMeans++,reg,borep,200,1.5742599964141846,4.293794140219689e-06,2025-08-25 12:59:33.364915
XGLM-T,english,-1,KMeans++,reg,mean,200,1.4069311618804932,2.8267591927448905e-06,2025-08-25 12:59:34.774093
XGLM-T,english,-1,KMeans++,reg,mmm,200,1.6342048645019531,3.1594627380371095e-06,2025-08-25 12:59:36.410376
XGLM-T,english,-1,KMeans++,reg,tfidfw,200,1.7683093547821045,3.5130412515004477e-06,2025-08-25 12:59:38.180906
XGLM-T,english,-1,KMeans++,reg,sif,200,1.7373993396759033,3.3734503845373793e-06,2025-08-25 12:59:39.920625
XGLM-T,english,-1,KMeans++,reg,borep,200,1.9908270835876465,4.876420339743297e-06,2025-08-25 12:59:41.913670
mDeBERTa-T,english,-1,KMeans++,reg,mean,200,1.151618480682373,2.2750862873925104e-06,2025-08-25 12:59:43.067419
mDeBERTa-T,english,-1,KMeans++,reg,mmm,200,1.3380436897277832,2.571645635896259e-06,2025-08-25 12:59:44.407488
mDeBERTa-T,english,-1,KMeans++,reg,tfidfw,200,1.5172126293182373,3.0141957569122313e-06,2025-08-25 12:59:45.926958
mDeBERTa-T,english,-1,KMeans++,reg,sif,200,1.4890916347503662,2.94178325176239e-06,2025-08-25 12:59:47.418118
mDeBERTa-T,english,-1,KMeans++,reg,borep,200,1.6198229789733887,4.308279173241721e-06,2025-08-25 12:59:49.040080
MPNet-S,english,-1,KMeans++,reg,mean,200,1.3347318172454834,2.651667210261027e-06,2025-08-25 12:59:50.376851
MPNet-S,english,-1,KMeans++,reg,mmm,200,1.5007615089416504,2.9306537244055005e-06,2025-08-25 12:59:51.879839
MPNet-S,english,-1,KMeans++,reg,tfidfw,200,1.6154015064239502,3.159456112980843e-06,2025-08-25 12:59:53.497572
MPNet-S,english,-1,KMeans++,reg,sif,200,1.5685951709747314,3.1162757396697997e-06,2025-08-25 12:59:55.068770
MPNet-S,english,-1,KMeans++,reg,borep,200,1.8035616874694824,4.417724155584971e-06,2025-08-25 12:59:56.874518
BGE-M3-S,english,-1,KMeans++,reg,mean,200,1.355597972869873,2.693121306101481e-06,2025-08-25 12:59:58.232377
BGE-M3-S,english,-1,KMeans++,reg,mmm,200,1.5755565166473389,3.0281320940785937e-06,2025-08-25 12:59:59.809960
BGE-M3-S,english,-1,KMeans++,reg,tfidfw,200,1.6328015327453613,3.2120834596951802e-06,2025-08-25 13:00:01.444801
BGE-M3-S,english,-1,KMeans++,reg,sif,200,1.5929088592529297,3.1468799463907877e-06,2025-08-25 13:00:03.039972
BGE-M3-S,english,-1,KMeans++,reg,borep,200,1.9419021606445312,4.75658145904541e-06,2025-08-25 13:00:04.983900
MiniLM-S,english,-1,KMeans++,reg,mean,200,1.3201518058776855,2.6227015876770023e-06,2025-08-25 13:00:06.306119
MiniLM-S,english,-1,KMeans++,reg,mmm,200,1.4255249500274658,2.739779758122232e-06,2025-08-25 13:00:07.733883
MiniLM-S,english,-1,KMeans++,reg,tfidfw,200,1.5650434494018555,3.0918302811516657e-06,2025-08-25 13:00:09.300935
MiniLM-S,english,-1,KMeans++,reg,sif,200,1.561589241027832,3.036857299009959e-06,2025-08-25 13:00:10.864670
MiniLM-S,english,-1,KMeans++,reg,borep,200,1.577209234237671,3.6854122440020247e-06,2025-08-25 13:00:12.443896
mE5-S,english,-1,KMeans++,reg,mean,200,1.3283796310424805,2.6431064714325797e-06,2025-08-25 13:00:13.774318
mE5-S,english,-1,KMeans++,reg,mmm,200,1.4342520236968994,2.7892217827505537e-06,2025-08-25 13:00:15.210838
mE5-S,english,-1,KMeans++,reg,tfidfw,200,1.8171839714050293,3.507669838137097e-06,2025-08-25 13:00:17.030205
mE5-S,english,-1,KMeans++,reg,sif,200,1.5674934387207031,3.065755917231242e-06,2025-08-25 13:00:18.599733
mE5-S,english,-1,KMeans++,reg,borep,200,1.5787384510040283,3.742487205796772e-06,2025-08-25 13:00:20.180915
XLM-R-T,japanese,-1,KMeans,reg,mean,450,3.3836560249328613,6.592803123394648e-06,2025-08-25 13:00:23.604199
XLM-R-T,japanese,-1,KMeans,reg,mmm,450,7.259432554244995,1.419852824339791e-05,2025-08-25 13:00:30.865568
XLM-R-T,japanese,-1,KMeans,reg,tfidfw,450,3.9055187702178955,7.693871977329254e-06,2025-08-25 13:00:34.772801
XLM-R-T,japanese,-1,KMeans,reg,sif,450,3.910487174987793,7.960375976120984e-06,2025-08-25 13:00:38.684943
XLM-R-T,japanese,-1,KMeans,reg,borep,450,10.634292364120483,3.7044557450413703e-05,2025-08-25 13:00:49.320707
mBERT-T,japanese,-1,KMeans,reg,mean,450,2.5110599994659424,5.045486807260249e-06,2025-08-25 13:00:51.833637
mBERT-T,japanese,-1,KMeans,reg,mmm,450,7.871542692184448,1.5408232457145813e-05,2025-08-25 13:00:59.707480
mBERT-T,japanese,-1,KMeans,reg,tfidfw,450,2.8970260620117188,5.902690601348877e-06,2025-08-25 13:01:02.606138
mBERT-T,japanese,-1,KMeans,reg,sif,450,2.8993890285491943,6.201873670650853e-06,2025-08-25 13:01:05.507225
mBERT-T,japanese,-1,KMeans,reg,borep,450,11.690002918243408,4.2836185440920826e-05,2025-08-25 13:01:17.199113
mT5-T,japanese,-1,KMeans,reg,mean,450,3.321662664413452,6.568587918877601e-06,2025-08-25 13:01:20.522348
mT5-T,japanese,-1,KMeans,reg,mmm,450,6.806699752807617,1.3282833392620088e-05,2025-08-25 13:01:27.331214
mT5-T,japanese,-1,KMeans,reg,tfidfw,450,3.792167901992798,7.3564546032084366e-06,2025-08-25 13:01:31.125095
mT5-T,japanese,-1,KMeans,reg,sif,450,3.7690205574035645,7.534551280957681e-06,2025-08-25 13:01:34.895929
mT5-T,japanese,-1,KMeans,reg,borep,450,9.633902072906494,3.312218788609093e-05,2025-08-25 13:01:44.531380
XGLM-T,japanese,-1,KMeans,reg,mean,450,7.022407531738281,1.4004501242461027e-05,2025-08-25 13:01:51.555509
XGLM-T,japanese,-1,KMeans,reg,mmm,450,12.623630046844482,2.4795205564002193e-05,2025-08-25 13:02:04.180851
XGLM-T,japanese,-1,KMeans,reg,tfidfw,450,7.342735052108765,1.4441877782647571e-05,2025-08-25 13:02:11.525283
XGLM-T,japanese,-1,KMeans,reg,sif,450,7.332444190979004,1.5028891861438753e-05,2025-08-25 13:02:18.859399
XGLM-T,japanese,-1,KMeans,reg,borep,450,16.447173833847046,5.638753645855519e-05,2025-08-25 13:02:35.308306
mDeBERTa-T,japanese,-1,KMeans,reg,mean,450,3.3269243240356445,6.491199014451768e-06,2025-08-25 13:02:38.637084
mDeBERTa-T,japanese,-1,KMeans,reg,mmm,450,6.788576602935791,1.3270410114924114e-05,2025-08-25 13:02:45.427442
mDeBERTa-T,japanese,-1,KMeans,reg,tfidfw,450,3.793983221054077,7.378243480722109e-06,2025-08-25 13:02:49.223090
mDeBERTa-T,japanese,-1,KMeans,reg,sif,450,3.77327036857605,7.553178897985705e-06,2025-08-25 13:02:52.998438
mDeBERTa-T,japanese,-1,KMeans,reg,borep,450,9.613994836807251,3.331338229424424e-05,2025-08-25 13:03:02.614400
MPNet-S,japanese,-1,KMeans,reg,mean,450,3.4236817359924316,6.866066918505562e-06,2025-08-25 13:03:06.039931
MPNet-S,japanese,-1,KMeans,reg,mmm,450,7.188197374343872,1.3858958636106006e-05,2025-08-25 13:03:13.229990
MPNet-S,japanese,-1,KMeans,reg,tfidfw,450,3.8312013149261475,7.4896438298181245e-06,2025-08-25 13:03:17.063181
MPNet-S,japanese,-1,KMeans,reg,sif,450,3.8234291076660156,7.711290076220476e-06,2025-08-25 13:03:20.888370
MPNet-S,japanese,-1,KMeans,reg,borep,450,10.462368488311768,3.666914844479826e-05,2025-08-25 13:03:31.352539
BGE-M3-S,japanese,-1,KMeans,reg,mean,450,3.6980013847351074,7.281296245036303e-06,2025-08-25 13:03:35.052280
BGE-M3-S,japanese,-1,KMeans,reg,mmm,450,8.98265528678894,1.740483031141261e-05,2025-08-25 13:03:44.037183
BGE-M3-S,japanese,-1,KMeans,reg,tfidfw,450,4.211172819137573,8.266181312898796e-06,2025-08-25 13:03:48.250662
BGE-M3-S,japanese,-1,KMeans,reg,sif,450,4.207264423370361,8.563828299542267e-06,2025-08-25 13:03:52.459898
BGE-M3-S,japanese,-1,KMeans,reg,borep,450,12.675801753997803,4.600963931096925e-05,2025-08-25 13:04:05.137469
MiniLM-S,japanese,-1,KMeans,reg,mean,450,2.9852893352508545,5.901751166383426e-06,2025-08-25 13:04:08.124659
MiniLM-S,japanese,-1,KMeans,reg,mmm,450,4.989407062530518,9.7030107902156e-06,2025-08-25 13:04:13.115820
MiniLM-S,japanese,-1,KMeans,reg,tfidfw,450,3.2663469314575195,6.360605769952138e-06,2025-08-25 13:04:16.384041
MiniLM-S,japanese,-1,KMeans,reg,sif,450,3.250317335128784,6.595435592532158e-06,2025-08-25 13:04:19.636497
MiniLM-S,japanese,-1,KMeans,reg,borep,450,7.209219932556152,2.2667561164924074e-05,2025-08-25 13:04:26.847609
mE5-S,japanese,-1,KMeans,reg,mean,450,2.977914333343506,5.903715165853501e-06,2025-08-25 13:04:29.827650
mE5-S,japanese,-1,KMeans,reg,mmm,450,4.954289436340332,9.676002507474687e-06,2025-08-25 13:04:34.783735
mE5-S,japanese,-1,KMeans,reg,tfidfw,450,3.202606201171875,6.326629935370551e-06,2025-08-25 13:04:37.988592
mE5-S,japanese,-1,KMeans,reg,sif,450,3.2499639987945557,6.631130247910817e-06,2025-08-25 13:04:41.240576
mE5-S,japanese,-1,KMeans,reg,borep,450,7.135784864425659,2.246667884636493e-05,2025-08-25 13:04:48.378066
XLM-R-T,japanese,-1,KMeans++,reg,mean,450,3.3656113147735596,6.604700574565817e-06,2025-08-25 13:04:51.745425
XLM-R-T,japanese,-1,KMeans++,reg,mmm,450,7.226224660873413,1.4184906956326393e-05,2025-08-25 13:04:58.973726
XLM-R-T,japanese,-1,KMeans++,reg,tfidfw,450,3.8620200157165527,7.604245892056712e-06,2025-08-25 13:05:02.838161
XLM-R-T,japanese,-1,KMeans++,reg,sif,450,3.8690218925476074,7.905343157671117e-06,2025-08-25 13:05:06.709114
XLM-R-T,japanese,-1,KMeans++,reg,borep,450,10.512489318847656,3.6679535301420424e-05,2025-08-25 13:05:17.223553
mBERT-T,japanese,-1,KMeans++,reg,mean,450,2.4760115146636963,5.030773951113223e-06,2025-08-25 13:05:19.701427
mBERT-T,japanese,-1,KMeans++,reg,mmm,450,7.904069662094116,1.5576349344811744e-05,2025-08-25 13:05:27.607532
mBERT-T,japanese,-1,KMeans++,reg,tfidfw,450,2.909353494644165,5.829212988018989e-06,2025-08-25 13:05:30.519256
mBERT-T,japanese,-1,KMeans++,reg,sif,450,2.8963449001312256,6.081519750025538e-06,2025-08-25 13:05:33.417618
mBERT-T,japanese,-1,KMeans++,reg,borep,450,11.584230422973633,4.333789314905802e-05,2025-08-25 13:05:45.003556
mT5-T,japanese,-1,KMeans++,reg,mean,450,3.22724986076355,6.467050137652291e-06,2025-08-25 13:05:48.232944
mT5-T,japanese,-1,KMeans++,reg,mmm,450,6.858299016952515,1.322984931200743e-05,2025-08-25 13:05:55.093209
mT5-T,japanese,-1,KMeans++,reg,tfidfw,450,3.784996747970581,7.44207462436623e-06,2025-08-25 13:05:58.880505
mT5-T,japanese,-1,KMeans++,reg,sif,450,3.7770280838012695,7.688700224293603e-06,2025-08-25 13:06:02.659543
mT5-T,japanese,-1,KMeans++,reg,borep,450,9.645995855331421,3.33760388072111e-05,2025-08-25 13:06:12.307149
XGLM-T,japanese,-1,KMeans++,reg,mean,450,6.857727527618408,1.3605921907226248e-05,2025-08-25 13:06:19.166442
XGLM-T,japanese,-1,KMeans++,reg,mmm,450,12.624545812606812,2.4658484979674774e-05,2025-08-25 13:06:31.793075
XGLM-T,japanese,-1,KMeans++,reg,tfidfw,450,7.333032131195068,1.4616013408161344e-05,2025-08-25 13:06:39.127747
XGLM-T,japanese,-1,KMeans++,reg,sif,450,7.303198337554932,1.479187472812713e-05,2025-08-25 13:06:46.432648
XGLM-T,japanese,-1,KMeans++,reg,borep,450,16.43716311454773,5.674588124399384e-05,2025-08-25 13:07:02.871707
mDeBERTa-T,japanese,-1,KMeans++,reg,mean,450,3.2478179931640625,6.464661425837764e-06,2025-08-25 13:07:06.120966
mDeBERTa-T,japanese,-1,KMeans++,reg,mmm,450,6.827863931655884,1.3248900970717274e-05,2025-08-25 13:07:12.950755
mDeBERTa-T,japanese,-1,KMeans++,reg,tfidfw,450,3.7593531608581543,7.4268110222286635e-06,2025-08-25 13:07:16.711956
mDeBERTa-T,japanese,-1,KMeans++,reg,sif,450,3.7487518787384033,7.47980131804943e-06,2025-08-25 13:07:20.463260
mDeBERTa-T,japanese,-1,KMeans++,reg,borep,450,9.691014528274536,3.367717280191404e-05,2025-08-25 13:07:30.155939
MPNet-S,japanese,-1,KMeans++,reg,mean,450,3.330846071243286,6.636710796952246e-06,2025-08-25 13:07:33.488650
MPNet-S,japanese,-1,KMeans++,reg,mmm,450,7.181124687194824,1.3868689534777688e-05,2025-08-25 13:07:40.671570
MPNet-S,japanese,-1,KMeans++,reg,tfidfw,450,3.812052011489868,7.466680393616358e-06,2025-08-25 13:07:44.485901
MPNet-S,japanese,-1,KMeans++,reg,sif,450,3.816582202911377,7.701014756096735e-06,2025-08-25 13:07:48.304094
MPNet-S,japanese,-1,KMeans++,reg,borep,450,10.483331441879272,3.693161185513602e-05,2025-08-25 13:07:58.789556
BGE-M3-S,japanese,-1,KMeans++,reg,mean,450,3.573105812072754,7.071771919727325e-06,2025-08-25 13:08:02.365374
BGE-M3-S,japanese,-1,KMeans++,reg,mmm,450,8.941688299179077,1.730930779053933e-05,2025-08-25 13:08:11.308704
BGE-M3-S,japanese,-1,KMeans++,reg,tfidfw,450,4.165115833282471,8.222343596716722e-06,2025-08-25 13:08:15.475526
BGE-M3-S,japanese,-1,KMeans++,reg,sif,450,4.169760465621948,8.519341851323842e-06,2025-08-25 13:08:19.646830
BGE-M3-S,japanese,-1,KMeans++,reg,borep,450,12.835777997970581,4.666280701447416e-05,2025-08-25 13:08:32.484572
MiniLM-S,japanese,-1,KMeans++,reg,mean,450,2.8795228004455566,5.672259983155462e-06,2025-08-25 13:08:35.366532
MiniLM-S,japanese,-1,KMeans++,reg,mmm,450,4.9523069858551025,9.616761128157378e-06,2025-08-25 13:08:40.320473
MiniLM-S,japanese,-1,KMeans++,reg,tfidfw,450,3.2860360145568848,6.398946613161651e-06,2025-08-25 13:08:43.608683
MiniLM-S,japanese,-1,KMeans++,reg,sif,450,3.235435724258423,6.565238323807716e-06,2025-08-25 13:08:46.845933
MiniLM-S,japanese,-1,KMeans++,reg,borep,450,7.124486684799194,2.2470970265127367e-05,2025-08-25 13:08:53.972230
mE5-S,japanese,-1,KMeans++,reg,mean,450,2.8390815258026123,5.704582282470333e-06,2025-08-25 13:08:56.813397
mE5-S,japanese,-1,KMeans++,reg,mmm,450,4.900204420089722,9.41792066183355e-06,2025-08-25 13:09:01.715493
mE5-S,japanese,-1,KMeans++,reg,tfidfw,450,3.178285837173462,6.141448808886386e-06,2025-08-25 13:09:04.895693
mE5-S,japanese,-1,KMeans++,reg,sif,450,3.193589210510254,6.524975881399931e-06,2025-08-25 13:09:08.091035
mE5-S,japanese,-1,KMeans++,reg,borep,450,7.130602598190308,2.2484600938785645e-05,2025-08-25 13:09:15.223775
XLM-R-T,turkish,-1,KMeans,reg,mean,350,2.4024369716644287,4.763164968126349e-06,2025-08-25 13:09:17.654366
XLM-R-T,turkish,-1,KMeans,reg,mmm,350,3.9808104038238525,7.657899717578182e-06,2025-08-25 13:09:21.637447
XLM-R-T,turkish,-1,KMeans,reg,tfidfw,350,2.6736128330230713,5.184209550254875e-06,2025-08-25 13:09:24.313470
XLM-R-T,turkish,-1,KMeans,reg,sif,350,2.6727864742279053,5.464734678765138e-06,2025-08-25 13:09:26.988461
XLM-R-T,turkish,-1,KMeans,reg,borep,350,5.76352334022522,1.8485860722290147e-05,2025-08-25 13:09:32.754423
mBERT-T,turkish,-1,KMeans,reg,mean,350,1.1648375988006592,2.366885287563006e-06,2025-08-25 13:09:33.921382
mBERT-T,turkish,-1,KMeans,reg,mmm,350,3.281613349914551,6.396107501453824e-06,2025-08-25 13:09:37.205272
mBERT-T,turkish,-1,KMeans,reg,tfidfw,350,1.3757987022399902,2.764208892583847e-06,2025-08-25 13:09:38.582923
mBERT-T,turkish,-1,KMeans,reg,sif,350,1.3748540878295898,2.9330220540364583e-06,2025-08-25 13:09:39.959463
mBERT-T,turkish,-1,KMeans,reg,borep,350,4.905127763748169,1.748371477290988e-05,2025-08-25 13:09:44.866365
mT5-T,turkish,-1,KMeans,reg,mean,350,2.307483673095703,4.627145732243855e-06,2025-08-25 13:09:47.176242
mT5-T,turkish,-1,KMeans,reg,mmm,350,4.2562665939331055,8.309473802447318e-06,2025-08-25 13:09:51.434540
mT5-T,turkish,-1,KMeans,reg,tfidfw,350,2.602444887161255,5.096816021369563e-06,2025-08-25 13:09:54.038989
mT5-T,turkish,-1,KMeans,reg,sif,350,2.577622652053833,5.324938795367876e-06,2025-08-25 13:09:56.618800
mT5-T,turkish,-1,KMeans,reg,borep,350,6.099597930908203,1.9776534347004363e-05,2025-08-25 13:10:02.720595
XGLM-T,turkish,-1,KMeans,reg,mean,350,3.77779483795166,7.4237166523933405e-06,2025-08-25 13:10:06.500710
XGLM-T,turkish,-1,KMeans,reg,mmm,350,5.913490056991577,1.148301210900148e-05,2025-08-25 13:10:12.416515
XGLM-T,turkish,-1,KMeans,reg,tfidfw,350,4.020087718963623,7.900216828452215e-06,2025-08-25 13:10:16.439132
XGLM-T,turkish,-1,KMeans,reg,sif,350,4.012412786483765,8.081296567740264e-06,2025-08-25 13:10:20.454327
XGLM-T,turkish,-1,KMeans,reg,borep,350,7.811798095703125,2.514810002039349e-05,2025-08-25 13:10:28.268741
mDeBERTa-T,turkish,-1,KMeans,reg,mean,350,2.279362678527832,4.518836510181427e-06,2025-08-25 13:10:30.550622
mDeBERTa-T,turkish,-1,KMeans,reg,mmm,350,4.2110795974731445,8.126213878790538e-06,2025-08-25 13:10:34.764110
mDeBERTa-T,turkish,-1,KMeans,reg,tfidfw,350,2.6065146923065186,5.068585028747718e-06,2025-08-25 13:10:37.373573
mDeBERTa-T,turkish,-1,KMeans,reg,sif,350,2.5857038497924805,5.282736615339915e-06,2025-08-25 13:10:39.961964
mDeBERTa-T,turkish,-1,KMeans,reg,borep,350,6.122882127761841,1.992147732290957e-05,2025-08-25 13:10:46.086938
MPNet-S,turkish,-1,KMeans,reg,mean,350,2.389721632003784,4.8149571827054035e-06,2025-08-25 13:10:48.478947
MPNet-S,turkish,-1,KMeans,reg,mmm,350,3.97188401222229,7.716120227818136e-06,2025-08-25 13:10:52.453509
MPNet-S,turkish,-1,KMeans,reg,tfidfw,350,2.646350622177124,5.186847219467163e-06,2025-08-25 13:10:55.102040
MPNet-S,turkish,-1,KMeans,reg,sif,350,2.6302711963653564,5.4632924641172095e-06,2025-08-25 13:10:57.734823
MPNet-S,turkish,-1,KMeans,reg,borep,350,5.757258176803589,1.8504467475599715e-05,2025-08-25 13:11:03.494491
BGE-M3-S,turkish,-1,KMeans,reg,mean,350,2.4606211185455322,4.8504993799328805e-06,2025-08-25 13:11:05.957947
BGE-M3-S,turkish,-1,KMeans,reg,mmm,350,4.62445068359375,8.916840116712782e-06,2025-08-25 13:11:10.585093
BGE-M3-S,turkish,-1,KMeans,reg,tfidfw,350,2.8368570804595947,5.544479560587141e-06,2025-08-25 13:11:13.424393
BGE-M3-S,turkish,-1,KMeans,reg,sif,350,2.859104633331299,5.79762883981069e-06,2025-08-25 13:11:16.285799
BGE-M3-S,turkish,-1,KMeans,reg,borep,350,6.718750238418579,2.232429188015284e-05,2025-08-25 13:11:23.006653
MiniLM-S,turkish,-1,KMeans,reg,mean,350,2.2517402172088623,4.4099706670641896e-06,2025-08-25 13:11:25.260702
MiniLM-S,turkish,-1,KMeans,reg,mmm,350,3.0463125705718994,5.932411665210017e-06,2025-08-25 13:11:28.309280
MiniLM-S,turkish,-1,KMeans,reg,tfidfw,350,2.381126642227173,4.667008218765259e-06,2025-08-25 13:11:30.692932
MiniLM-S,turkish,-1,KMeans,reg,sif,350,2.3874878883361816,4.908608779311181e-06,2025-08-25 13:11:33.082840
MiniLM-S,turkish,-1,KMeans,reg,borep,350,4.297856092453003,1.2634204600668616e-05,2025-08-25 13:11:37.383071
mE5-S,turkish,-1,KMeans,reg,mean,350,2.1568198204040527,4.236353597243627e-06,2025-08-25 13:11:39.542405
mE5-S,turkish,-1,KMeans,reg,mmm,350,3.0184261798858643,5.8356239477793375e-06,2025-08-25 13:11:42.563274
mE5-S,turkish,-1,KMeans,reg,tfidfw,350,2.3465652465820312,4.559832550684611e-06,2025-08-25 13:11:44.911827
mE5-S,turkish,-1,KMeans,reg,sif,350,2.3315277099609375,4.780279452006022e-06,2025-08-25 13:11:47.245484
mE5-S,turkish,-1,KMeans,reg,borep,350,4.207177639007568,1.2178610604471628e-05,2025-08-25 13:11:51.455341
XLM-R-T,turkish,-1,KMeans++,reg,mean,350,2.3944218158721924,4.747273808552159e-06,2025-08-25 13:11:53.852208
XLM-R-T,turkish,-1,KMeans++,reg,mmm,350,4.005831003189087,7.729399284764572e-06,2025-08-25 13:11:57.860553
XLM-R-T,turkish,-1,KMeans++,reg,tfidfw,350,2.673344135284424,5.194456173976262e-06,2025-08-25 13:12:00.536150
XLM-R-T,turkish,-1,KMeans++,reg,sif,350,2.6652979850769043,5.449423838655154e-06,2025-08-25 13:12:03.203740
XLM-R-T,turkish,-1,KMeans++,reg,borep,350,5.72032904624939,1.8527827984743648e-05,2025-08-25 13:12:08.926571
mBERT-T,turkish,-1,KMeans++,reg,mean,350,1.1435112953186035,2.323551423682107e-06,2025-08-25 13:12:10.072231
mBERT-T,turkish,-1,KMeans++,reg,mmm,350,3.2956466674804688,6.448176826900906e-06,2025-08-25 13:12:13.370085
mBERT-T,turkish,-1,KMeans++,reg,tfidfw,350,1.3702287673950195,2.7530179651578264e-06,2025-08-25 13:12:14.742302
mBERT-T,turkish,-1,KMeans++,reg,sif,350,1.3754782676696777,2.9343536376953125e-06,2025-08-25 13:12:16.119456
mBERT-T,turkish,-1,KMeans++,reg,borep,350,4.911859035491943,1.7659497637881174e-05,2025-08-25 13:12:21.033366
mT5-T,turkish,-1,KMeans++,reg,mean,350,2.2632243633270264,4.550966990590096e-06,2025-08-25 13:12:23.298632
mT5-T,turkish,-1,KMeans++,reg,mmm,350,4.263391494750977,8.323383686939876e-06,2025-08-25 13:12:27.564440
mT5-T,turkish,-1,KMeans++,reg,tfidfw,350,2.592167377471924,5.080648059844971e-06,2025-08-25 13:12:30.158858
mT5-T,turkish,-1,KMeans++,reg,sif,350,2.5667121410369873,5.273167498641544e-06,2025-08-25 13:12:32.727639
mT5-T,turkish,-1,KMeans++,reg,borep,350,6.127819061279297,2.0040805283652408e-05,2025-08-25 13:12:38.857719
XGLM-T,turkish,-1,KMeans++,reg,mean,350,3.6730141639709473,7.23175677617391e-06,2025-08-25 13:12:42.533038
XGLM-T,turkish,-1,KMeans++,reg,mmm,350,5.922539710998535,1.1487094799465604e-05,2025-08-25 13:12:48.457934
XGLM-T,turkish,-1,KMeans++,reg,tfidfw,350,4.0157530307769775,7.895788482273066e-06,2025-08-25 13:12:52.475965
XGLM-T,turkish,-1,KMeans++,reg,sif,350,4.005187511444092,8.127192991971969e-06,2025-08-25 13:12:56.483464
XGLM-T,turkish,-1,KMeans++,reg,borep,350,7.870251893997192,2.547619276781877e-05,2025-08-25 13:13:04.356479
mDeBERTa-T,turkish,-1,KMeans++,reg,mean,350,2.241694927215576,4.482455814878145e-06,2025-08-25 13:13:06.600551
mDeBERTa-T,turkish,-1,KMeans++,reg,mmm,350,4.203247547149658,8.078408271869023e-06,2025-08-25 13:13:10.806096
mDeBERTa-T,turkish,-1,KMeans++,reg,tfidfw,350,2.584904193878174,5.026561613678932e-06,2025-08-25 13:13:13.393478
mDeBERTa-T,turkish,-1,KMeans++,reg,sif,350,2.5613889694213867,5.247645651102066e-06,2025-08-25 13:13:15.956937
mDeBERTa-T,turkish,-1,KMeans++,reg,borep,350,6.099402904510498,1.9970744056282218e-05,2025-08-25 13:13:22.058827
MPNet-S,turkish,-1,KMeans++,reg,mean,350,2.354457139968872,4.641550645099745e-06,2025-08-25 13:13:24.415717
MPNet-S,turkish,-1,KMeans++,reg,mmm,350,3.944920063018799,7.671773711442948e-06,2025-08-25 13:13:28.363177
MPNet-S,turkish,-1,KMeans++,reg,tfidfw,350,2.609139919281006,5.1541384822130194e-06,2025-08-25 13:13:30.975044
MPNet-S,turkish,-1,KMeans++,reg,sif,350,2.624861717224121,5.33721882502238e-06,2025-08-25 13:13:33.602942
MPNet-S,turkish,-1,KMeans++,reg,borep,350,5.705361843109131,1.8556055465618772e-05,2025-08-25 13:13:39.310354
BGE-M3-S,turkish,-1,KMeans++,reg,mean,350,2.4321255683898926,4.886883416374525e-06,2025-08-25 13:13:41.744821
BGE-M3-S,turkish,-1,KMeans++,reg,mmm,350,4.656039476394653,9.001676321029663e-06,2025-08-25 13:13:46.402938
BGE-M3-S,turkish,-1,KMeans++,reg,tfidfw,350,2.7829980850219727,5.497580800453821e-06,2025-08-25 13:13:49.188007
BGE-M3-S,turkish,-1,KMeans++,reg,sif,350,2.7697367668151855,5.6121791237592685e-06,2025-08-25 13:13:51.960040
BGE-M3-S,turkish,-1,KMeans++,reg,borep,350,6.62282133102417,2.2402919600583887e-05,2025-08-25 13:13:58.584987
MiniLM-S,turkish,-1,KMeans++,reg,mean,350,2.1838366985321045,4.317323828736941e-06,2025-08-25 13:14:00.770826
MiniLM-S,turkish,-1,KMeans++,reg,mmm,350,3.0849318504333496,5.9642015775044756e-06,2025-08-25 13:14:03.857850
MiniLM-S,turkish,-1,KMeans++,reg,tfidfw,350,2.419377565383911,4.701321044067542e-06,2025-08-25 13:14:06.279351
MiniLM-S,turkish,-1,KMeans++,reg,sif,350,2.3829331398010254,4.989597224394481e-06,2025-08-25 13:14:08.665040
MiniLM-S,turkish,-1,KMeans++,reg,borep,350,4.234328985214233,1.2364240636825562e-05,2025-08-25 13:14:12.901612
mE5-S,turkish,-1,KMeans++,reg,mean,350,2.1301727294921875,4.175138549804687e-06,2025-08-25 13:14:15.033832
mE5-S,turkish,-1,KMeans++,reg,mmm,350,2.9919941425323486,5.733408775627613e-06,2025-08-25 13:14:18.028348
mE5-S,turkish,-1,KMeans++,reg,tfidfw,350,2.3412294387817383,4.522800036668776e-06,2025-08-25 13:14:20.371799
mE5-S,turkish,-1,KMeans++,reg,sif,350,2.3215248584747314,4.8613375404477126e-06,2025-08-25 13:14:22.695587
mE5-S,turkish,-1,KMeans++,reg,borep,350,4.1588709354400635,1.1991411197185516e-05,2025-08-25 13:14:26.856658
