FeatureFamily,FeatureVariant,Dataset,Model,TrainingTime,train_silhouette_score,train_calinski_harabasz_score,train_davies_bouldin_score,train_adjusted_rand_score,train_normalized_mutual_info_score,train_v_measure_score,train_homogeneity_score,train_completeness_score,train_f1_score,data_pts,time_sec,energy_kwh,throughput,time_per_sample,energy_per_sample
FE-XLM-R-T,mean,arabic,KMeans,5.26802225690335,0.0888924404191468,2213.3491383572537,2.668488830120345,0.5876614023683646,0.7338264138150958,0.7338264138150958,0.8388145346510973,0.6521959418532355,0.686786003842994,700,59.60488796234131,0.0002857993550424,11.744003284466599,0.08514983994620187,4.0828479291771427e-07
FE-XLM-R-T,mean,arabic,KMeans++,14.784246287308632,0.1142421054421866,3521.336665797416,2.5273431814659704,0.6934119945408577,0.7506962322485498,0.7506962322485498,0.7452262183734745,0.756247140482095,0.84882571014208,700,60.068177700042725,0.0002867437801625,11.653424938168252,0.08581168242863246,4.0963397166071423e-07
FE-XLM-R-T,mmm,arabic,KMeans,37.55374883301556,0.1088572022168896,4418.289524387833,2.3608080755864966,0.0810450994228089,0.19401856522663,0.19401856522663,0.1415404225668969,0.3083400709775832,0.2088897963033678,700,59.359246253967285,0.0002848342577437,11.792602571216365,0.08479892321995326,4.06906082491e-07
FE-XLM-R-T,mmm,arabic,KMeans++,98.28431292437016,0.0519709274831302,1611.4306704569235,3.091251206557021,0.3504206046408361,0.5366280326667507,0.5366280326667506,0.5893845410515528,0.4925401779349076,0.5476457150007371,700,59.974069356918335,0.0002860733168719,11.671710916165324,0.08567724193845476,4.0867616695985715e-07
FE-mBERT-T,mean,arabic,KMeans,13.707376910373569,0.106948327133902,2982.3059131554764,2.347642486148345,0.358352787598687,0.5129329422450372,0.512932942245037,0.547737195307904,0.4822874869283286,0.580372623210245,700,56.66320776939392,0.000259714757564,12.353695238166488,0.08094743967056274,3.710210822342857e-07
FE-mBERT-T,mean,arabic,KMeans++,6.014189005829394,0.0987465173242648,2239.882860102545,2.41230873755519,0.3577083011389238,0.5411541444749864,0.5411541444749864,0.6316546324004758,0.4733367009099794,0.531304941708761,700,55.41213011741638,0.0002623234974138,12.632613085198571,0.0791601858820234,3.747478534482857e-07
FE-mBERT-T,mmm,arabic,KMeans,76.44307533372194,0.0524092139080493,1874.388078642784,3.4721083651269566,0.3035381396426197,0.4687087491610074,0.4687087491610074,0.5280767305013385,0.4213403896995634,0.5495120554522934,700,55.45198392868042,0.000260434122975,12.623533919008292,0.07921711989811489,3.7204874710714285e-07
FE-mBERT-T,mmm,arabic,KMeans++,51.48302877694368,0.0599454546850776,2758.6760262045077,3.324241836038857,0.2239148295525441,0.3920617129040817,0.3920617129040818,0.388966317351781,0.3952067700042416,0.4540006169133715,700,55.5120210647583,0.0002652579060401,12.609881365756896,0.079302887235369,3.7893986577157143e-07
FE-XGLM-T,mean,arabic,KMeans,34.83579484559596,0.1935547721495155,6563.172859830346,1.8769066550144484,0.5010554281403723,0.6817677643071853,0.6817677643071854,0.6021235816457302,0.7856930797526037,0.5788879675818347,700,209.74946308135983,0.0011195071018654,3.3373148599120688,0.29964209011622833,1.5992958598077143e-06
FE-XGLM-T,mean,arabic,KMeans++,90.06698517035693,0.1228821712788174,3223.1373259664074,2.418795791874932,0.5060913063388456,0.7052662717027703,0.7052662717027703,0.854640808209112,0.6003387693457086,0.6584052559991608,700,210.5582902431488,0.00112533793305,3.324495080158815,0.3007975574902126,1.6076256186428572e-06
FE-XGLM-T,mmm,arabic,KMeans,11.538864179514349,0.0766924008379131,2123.8046164694056,2.8014609643088835,0.4773637060311356,0.5983802529766155,0.5983802529766156,0.6487421204702968,0.5552742951648049,0.7321659043729937,700,209.29421973228452,0.0011236434110325,3.3445739729238304,0.2989917424746922,1.6052048729035715e-06
FE-XGLM-T,mmm,arabic,KMeans++,22.40791972540319,0.0796065837809277,2619.2474372627184,2.8295366755736686,0.356571229911571,0.4894244629886964,0.4894244629886964,0.480337476870339,0.4988618925265757,0.6044876855379038,700,208.99957251548767,0.0011233532319175,3.349289147221233,0.2985708178792681,1.6047903313107144e-06
FE-MPNet-S,mean,arabic,KMeans,17.58535840269178,0.1024136900931611,2106.461641570741,3.1391157505014537,0.5962070752696718,0.7354131723854332,0.7354131723854332,0.8318501540874046,0.6590132914494398,0.6840922559761313,700,58.69806885719299,0.0002178155784502,11.925434918532595,0.08385438408170427,3.111651120717143e-07
FE-MPNet-S,mean,arabic,KMeans++,5.626123666763306,0.127856291837597,3440.661738222279,2.7319111577855684,0.6307119233805989,0.7492767124820712,0.7492767124820711,0.6722230118915059,0.8462819551362638,0.5852512076565447,700,55.81443119049072,0.0002134531141892,12.541559325597161,0.07973490170070104,3.0493302027028574e-07
FE-MPNet-S,mmm,arabic,KMeans,65.38039530348033,0.0977981673970513,1894.1776240688143,2.998264277471188,0.6814453988132074,0.7606051326235751,0.760605132623575,0.8369436306411504,0.6970284441207394,0.7458968881552417,700,56.45698547363281,0.0002153465205176,12.398819988837733,0.08065283639090402,3.076378864537143e-07
FE-MPNet-S,mmm,arabic,KMeans++,41.2684815004468,0.1016313615205555,2588.7128197900392,2.721812760019353,0.8433095095142231,0.8383069307202404,0.8383069307202404,0.8376517478776163,0.8389631392888357,0.929003798815468,700,56.54832983016968,0.0002155911298647,12.378791771610128,0.08078332832881382,3.0798732837814287e-07
FE-BGE-M3-S,mean,arabic,KMeans,30.585992328822613,0.070119480541576,1496.1976977286438,3.6585538369116017,0.8384629615928949,0.8532441802860768,0.8532441802860768,0.8514849167090587,0.8550107285868693,0.9237980871305416,700,134.80112266540527,0.0006743870817817,5.192835090383448,0.19257303237915038,9.634101168310001e-07
FE-BGE-M3-S,mean,arabic,KMeans++,74.8203304046765,0.0496147957320834,821.5243401813883,4.698562636842075,0.5805230276916759,0.7640738898640289,0.7640738898640289,0.9028285488586308,0.6622876751522214,0.6978795155126964,700,135.8361325263977,0.0006763213629838,5.153268036867624,0.19405161789485387,9.66173375691143e-07
FE-BGE-M3-S,mmm,arabic,KMeans,32.85305238887668,0.0428384182837185,782.0168153357001,4.842686869596706,0.5453686005276503,0.7542439682438231,0.754243968243823,0.905655952091091,0.6462077941683544,0.7514608197181846,700,134.55831694602966,0.0006745213367517,5.202205377470386,0.19222616706575665,9.636019096452856e-07
FE-BGE-M3-S,mmm,arabic,KMeans++,67.7300437418744,0.0486935153173241,920.6647788204808,4.589847275908746,0.6519876335332206,0.7885631756116201,0.78856317561162,0.9016925364040936,0.7006564717378997,0.6771622035652268,700,134.21779203414917,0.0006736794725327,5.2154039296213295,0.19173970290592737,9.623992464752858e-07
FE-mE5-S,mean,arabic,KMeans,37.45654425304383,0.0511528431659517,1358.806127273023,3.740167686580843,0.8062174370857654,0.8394904573141595,0.8394904573141596,0.8851057529742402,0.7983464373412674,0.8857232728453682,700,57.71406316757202,0.0001469940078497,12.128759639874241,0.08244866166796003,2.0999143978528572e-07
FE-mE5-S,mean,arabic,KMeans++,23.87771267257631,0.0737949859150979,1758.4436429692712,3.521588975759895,0.7533467470618818,0.8298847564341465,0.8298847564341465,0.787254817406354,0.8773958423434952,0.7633906278856744,700,56.2998206615448,0.0001448679672193,12.433432145515344,0.08042831523077829,2.069542388847143e-07
FE-mE5-S,mmm,arabic,KMeans,11.519512459635736,0.0324134464166858,874.6599571718749,4.494944481013016,0.5756342836173254,0.7502707399633423,0.7502707399633424,0.8840223504243488,0.6516732874753909,0.7383576286819995,700,58.31712102890015,0.0001461367011911,12.003336029793067,0.08331017289842878,2.0876671598728573e-07
FE-mE5-S,mmm,arabic,KMeans++,41.20121532958001,0.0461475867598589,1201.796004442101,4.105911472245558,0.6892116921803039,0.7780725992796422,0.7780725992796422,0.8438080405628509,0.72183895384665,0.8073071114906496,700,54.391706466674805,0.0001415217893833,12.869609090659479,0.07770243780953544,2.021739848332857e-07
FE-XLM-R-T,mean,chinese,KMeans,53.788798307068646,0.0151801294789202,784.2304355689639,4.056752444546377,0.0865481539299388,0.192352437554391,0.192352437554391,0.1968701477480116,0.1880374178864273,0.3187073530271817,1500,28.163465976715088,6.361322124350452e-05,53.260490070368675,0.018775643984476724,4.2408814162336346e-08
FE-XLM-R-T,mean,chinese,KMeans++,76.40625110361725,0.0145587716352485,815.6923939738404,4.05100505088885,0.0843260676649055,0.1874494901668318,0.1874494901668318,0.1897484290915224,0.1852055909985727,0.3133202529731981,1500,28.474348306655884,6.415315870867834e-05,52.67899317117557,0.018982898871103923,4.2768772472452225e-08
FE-XLM-R-T,mmm,chinese,KMeans,104.31225646287204,0.0162957426834011,873.0032207839705,4.2831543021784695,0.0658620506284588,0.1495751437061651,0.1495751437061651,0.1491717734236256,0.1499807013830894,0.2637942945715367,1500,28.289647340774536,6.352514130157755e-05,53.02293032964093,0.01885976489384969,4.2350094201051696e-08
FE-XLM-R-T,mmm,chinese,KMeans++,115.09596061427146,0.0164603754380409,873.0074787783292,4.280568600983924,0.0657246858242672,0.1501967360104517,0.1501967360104517,0.1497837927827714,0.1506119624427838,0.2646830681103811,1500,28.26823401451111,6.353588978586022e-05,53.06309546008412,0.018845489343007407,4.2357259857240144e-08
FE-mBERT-T,mean,chinese,KMeans,71.31936530210078,0.0134920496123784,1011.093279423822,4.244276898613788,0.0242945829309016,0.0653202149164006,0.0653202149164006,0.0674402864060764,0.0633293751689786,0.1698422196216634,1500,27.192164421081543,6.132434385164942e-05,55.16294976640697,0.018128109614054363,4.0882895901099615e-08
FE-mBERT-T,mean,chinese,KMeans++,91.552286808379,0.0137479726821203,1286.575005890223,4.081582657058819,0.0201711199692964,0.0482897704922025,0.0482897704922025,0.0474205591546875,0.0491914418286086,0.1554715939651399,1500,27.22046422958374,6.028324661510961e-05,55.10559949854824,0.018146976153055827,4.018883107673974e-08
FE-mBERT-T,mmm,chinese,KMeans,71.48085299134254,0.0106262813130307,1260.6902580768212,4.601185123680408,0.014246043687388,0.036898183474388,0.036898183474388,0.034904851023445,0.0391329738970274,0.1358985688450185,1500,27.343790292739868,6.088877007541506e-05,54.85706202180279,0.018229193528493247,4.059251338361004e-08
FE-mBERT-T,mmm,chinese,KMeans++,115.7353279357776,0.0075951491774091,859.6923786125647,4.937191942145836,0.015270412814049,0.0408166759063405,0.0408166759063405,0.0425832843690424,0.039190807601561,0.1343640802361345,1500,27.197035789489743,6.00735050697965e-05,55.15306931278419,0.01813135719299316,4.0049003379864334e-08
FE-XGLM-T,mean,chinese,KMeans,103.3126581311226,0.0376827530695577,1467.000656329319,3.460962849165376,0.1222675775259498,0.2290386439254644,0.2290386439254644,0.2173371391142142,0.2420718752666211,0.3155440231761681,1500,47.97055697441101,0.0001333691098797,31.269180401639836,0.03198037131627401,8.89127399198e-08
FE-XGLM-T,mean,chinese,KMeans++,195.8121375106275,0.0362454045229422,1267.5175968357107,3.469331464461091,0.1365186729119901,0.2396262479830687,0.2396262479830688,0.239256070725529,0.2399975724929641,0.3556911845930111,1500,48.68901348114014,0.0001325670801478,30.80777146123592,0.032459342320760094,8.837805343186668e-08
FE-XGLM-T,mmm,chinese,KMeans,14.492090651765466,0.0121831248115395,918.087001002436,4.185569879582555,0.0884495040841283,0.1802459111113145,0.1802459111113145,0.1811177312869218,0.1793824438374259,0.2913705488160251,1500,49.30006814002991,0.0001336887232946,30.425921435634958,0.03286671209335327,8.912581552973332e-08
FE-XGLM-T,mmm,chinese,KMeans++,72.12762042321265,0.0122396246867152,918.0858183513903,4.18912362563277,0.0877898042321494,0.1791869533751338,0.1791869533751337,0.1800503423249518,0.178331805264454,0.2900068015938287,1500,48.27343225479126,0.0001324542998968,31.07299253309508,0.03218228816986084,8.830286659786666e-08
FE-MPNet-S,mean,chinese,KMeans,106.17523699253798,0.0209716122899546,1105.206247273593,3.7191433427652383,0.1406049518616924,0.2527119267252141,0.2527119267252141,0.246515588034933,0.2592277954845127,0.3829062077729144,1500,65.07315421104431,0.0001542022820272,23.05098036488629,0.04338210280736288,1.0280152135146667e-07
FE-MPNet-S,mean,chinese,KMeans++,105.16078915446997,0.0160675287223573,1269.1409374423006,3.8238957002917218,0.1355056016844659,0.2363203517934179,0.2363203517934179,0.2202732227941674,0.2548892971221447,0.3074203193765161,1500,63.37452864646912,0.0001522454208671,23.66881509080181,0.04224968576431275,1.0149694724473334e-07
FE-MPNet-S,mmm,chinese,KMeans,24.436781333759427,0.0190150245289868,1205.875449221715,3.785080748381877,0.1381948342529632,0.2446736867492827,0.2446736867492827,0.2311058471034767,0.2599339779791194,0.331701079238928,1500,71.14496850967407,0.0001605772825552,21.083711630233342,0.04742997900644938,1.0705152170346668e-07
FE-MPNet-S,mmm,chinese,KMeans++,58.01792645920068,0.0106574009196251,990.2137920335994,3.604410088855909,0.1401739856992821,0.2539477602405269,0.2539477602405269,0.2579538267212031,0.2500642206738102,0.3752233491595458,1500,64.69645643234253,0.0001539024192514,23.18519564620439,0.04313097095489502,1.0260161283426668e-07
FE-BGE-M3-S,mean,chinese,KMeans,95.9131296882406,0.0128974617446983,566.7937325343811,5.359967715933192,0.1905339970096421,0.2902418110524544,0.2902418110524544,0.2700458454178606,0.3137027534664446,0.3171160957911892,1500,88.95500636100769,0.0003132742900147,16.862457340652906,0.059303337574005126,2.0884952667646669e-07
FE-BGE-M3-S,mean,chinese,KMeans++,47.99390905629844,0.0164686159221471,454.3436946756253,5.241342760478592,0.2149399375480699,0.3281170344539714,0.3281170344539714,0.3312300702532397,0.3250619689954225,0.4569978781887839,1500,93.08173298835754,0.0003189963588077,16.114869715496344,0.06205448865890503,2.1266423920513335e-07
FE-BGE-M3-S,mmm,chinese,KMeans,52.26474112644792,0.0155890655041447,493.96760498174496,5.3541387194273575,0.2116453035498242,0.3223128087442888,0.3223128087442888,0.3172348345039564,0.3275559936569973,0.4350681696640562,1500,88.42616009712219,0.0003136436810692,16.963305862795426,0.05895077339808146,2.090957873794667e-07
FE-BGE-M3-S,mmm,chinese,KMeans++,34.425305591896176,0.0164686159181949,454.3436946756255,5.241342760478591,0.2149399375480699,0.3281170344539714,0.3281170344539714,0.3312300702532397,0.3250619689954225,0.4569978781887839,1500,97.34118747711182,0.0003225436456607,15.409715443965592,0.06489412498474122,2.1502909710713333e-07
FE-mE5-S,mean,chinese,KMeans,52.640715615823865,0.0204941420023317,543.747183192734,5.182163752206885,0.1996463190194191,0.308554549284476,0.3085545492844759,0.3078811830839128,0.3092308673763332,0.4037167411417405,1500,47.18803334236145,0.0001013915078229,31.787720185690088,0.03145868889490763,6.75943385486e-08
FE-mE5-S,mean,chinese,KMeans++,73.82404965441674,0.0202589157414896,568.4123193920684,5.139926021309747,0.1997300156783208,0.304478928944061,0.304478928944061,0.2996449348429702,0.3094714483624997,0.3915725084409024,1500,47.70486831665039,0.0001020748414772,31.443331738041007,0.031803245544433596,6.804989431813334e-08
FE-mE5-S,mmm,chinese,KMeans,25.25674715824425,0.0201347615832098,500.9347113143566,5.207240723384462,0.2056388631744102,0.3223837245481792,0.3223837245481791,0.3297871084893101,0.3153054392976117,0.4600817733098989,1500,46.93701362609863,0.0001000546868349,31.957721297503834,0.03129134241739909,6.67031245566e-08
FE-mE5-S,mmm,chinese,KMeans++,30.98835206963122,0.0201887682884031,624.4030593553281,5.106336216960426,0.1958031639113987,0.2969697447545523,0.2969697447545523,0.2816603220415342,0.3140390896183628,0.3610029840807795,1500,46.97182846069336,9.996677844202176e-05,31.934034700293168,0.03131455230712891,6.664451896134785e-08
FE-XLM-R-T,mean,english,KMeans,38.186900972388685,0.0652760657808644,6150.761301520533,3.551366200048273,0.4764367589626056,0.517999240354993,0.517999240354993,0.5017303432800998,0.5353585515672081,0.7463970913166683,400,11.11442494392395,2.972886027769209e-05,35.98926638293352,0.027786062359809877,7.432215069423023e-08
FE-XLM-R-T,mean,english,KMeans++,9.254778565838931,0.0638026239084718,5076.520086959688,3.306827713385793,0.4094853761702841,0.4640061482129838,0.4640061482129838,0.5087766971311852,0.4264776262933532,0.7332673368761946,400,11.304361343383787,3.014946636779753e-05,35.38457307312738,0.028260903358459467,7.537366591949382e-08
FE-XLM-R-T,mmm,english,KMeans,83.06959739606827,0.0464436977662708,4965.264803589855,4.051631686221738,0.1407381314899482,0.2023359946656291,0.2023359946656291,0.197745713908974,0.2071444487046098,0.4881469261820456,400,11.372303247451782,2.979609014425513e-05,35.17317392056257,0.028430758118629454,7.449022536063783e-08
FE-XLM-R-T,mmm,english,KMeans++,149.80316069256514,0.0457682666092275,3562.617462333482,4.007317472595312,0.1989248448155227,0.2774067088508463,0.2774067088508463,0.3234911634638319,0.242815311967307,0.5491958817719352,400,11.083346605300903,2.958832089496855e-05,36.09018234697176,0.02770836651325226,7.397080223742138e-08
FE-mBERT-T,mean,english,KMeans,19.039945385418832,0.0396259175259486,5436.700087176181,3.538246310023057,0.182595981649065,0.2489183322652685,0.2489183322652686,0.2360671108281184,0.2632493219472088,0.4297344551452122,400,9.78073763847351,2.508427805648837e-05,40.89671094198049,0.024451844096183777,6.271069514122092e-08
FE-mBERT-T,mean,english,KMeans++,16.197886648587883,0.0395958333276822,5436.699004564292,3.5384533200372386,0.182503834800897,0.2488135532890262,0.2488135532890262,0.235986345769644,0.2631153789130973,0.4297372151549691,400,10.107808589935305,2.5711618623005017e-05,39.57336513062722,0.025269521474838262,6.427904655751254e-08
FE-mBERT-T,mmm,english,KMeans,34.108018913306296,0.0322155418892497,4253.03785743666,3.917179747842097,0.0112264434496321,0.0168402101153377,0.0168402101153377,0.0149641133987146,0.0192541635562633,0.2679881934231837,400,9.715589761734009,2.534227627461486e-05,41.170943793391416,0.02428897440433502,6.335569068653715e-08
FE-mBERT-T,mmm,english,KMeans++,119.3903499506414,0.0188126476952305,2979.338806956564,4.432039805421629,0.2484797982020725,0.2910786078308778,0.2910786078308778,0.3350259702014682,0.2573238922421807,0.5390601788364844,400,9.800974369049072,2.5453184287927964e-05,40.812268753928954,0.02450243592262268,6.363296071981991e-08
FE-XGLM-T,mean,english,KMeans,113.55084697622806,0.0869833599716384,8446.166440189741,2.8796809601782463,0.4690170182354823,0.4852285369786191,0.4852285369786192,0.5156897749731576,0.4581652127410027,0.6745369524435546,400,23.36609411239624,7.443366490042494e-05,17.118821745556136,0.0584152352809906,1.8608416225106236e-07
FE-XGLM-T,mean,english,KMeans++,24.14299416542053,0.0869859699876396,8446.165372865638,2.879605972316792,0.4690462030010126,0.4852468934061471,0.4852468934061471,0.5157088180636232,0.4581829129491043,0.685349781083807,400,24.090653657913208,7.522202969865549e-05,16.603949634575795,0.06022663414478302,1.880550742466387e-07
FE-XGLM-T,mmm,english,KMeans,45.12945483904332,0.0584494379820781,6283.764908680216,3.3995896805010384,0.4207741228118156,0.4581210867491014,0.4581210867491013,0.4533353138485514,0.463008982693662,0.7314782736645904,400,24.160900354385376,7.560535489177545e-05,16.555674421603133,0.06040225088596344,1.8901338722943862e-07
FE-XGLM-T,mmm,english,KMeans++,160.16908969171345,0.0488995835321796,4089.010558385748,3.560853370910633,0.2973784339908195,0.4163884161624812,0.4163884161624812,0.5023384784377432,0.3555532854008194,0.656249144547378,400,22.825831651687626,7.339933723069319e-05,17.52400552601228,0.05706457912921906,1.8349834307673297e-07
FE-MPNet-S,mean,english,KMeans,134.38263706397265,0.0294749163138141,1722.562971863371,4.663278039444227,0.3200154043381221,0.4675704059540946,0.4675704059540946,0.625783376883809,0.3732132023126239,0.4697214187927073,400,22.792078495025635,5.387238279050567e-05,17.54995710844449,0.05698019623756409,1.3468095697626417e-07
FE-MPNet-S,mean,english,KMeans++,36.54871951509267,0.0275783783817034,3399.8645566652526,5.119325477870841,0.5070161766107302,0.5186262050973509,0.5186262050973509,0.4602586307714641,0.5939474969944534,0.5922699035842023,400,21.408310174942017,5.257595534830093e-05,18.684333173955583,0.05352077543735504,1.314398883707523e-07
FE-MPNet-S,mmm,english,KMeans,68.88648507464677,0.0321025953453304,2632.963776347586,5.156882463470938,0.5330497298220134,0.5434036550378821,0.5434036550378821,0.5791928242848372,0.511780021201261,0.712177535998373,400,23.311453580856323,5.421603097341081e-05,17.158947150703863,0.05827863395214081,1.3554007743352702e-07
FE-MPNet-S,mmm,english,KMeans++,46.71158278267831,0.0238560588524762,2369.931292107642,5.0884286251117565,0.450632366403535,0.5221957866703237,0.5221957866703236,0.5905415570922353,0.4680289028030767,0.6529878700381652,400,22.849039793014526,5.401962359598732e-05,17.50620610859495,0.05712259948253631,1.350490589899683e-07
FE-BGE-M3-S,mean,english,KMeans,28.12476785946637,0.0291947947879219,2904.8270352711406,5.1786548748651615,0.6812262377883205,0.6415786865898256,0.6415786865898256,0.6411819291179892,0.6419759353854269,0.8624818598761494,400,27.27563762664795,0.000103724934803,14.665101710003842,0.06818909406661987,2.5931233700749996e-07
FE-BGE-M3-S,mean,english,KMeans++,15.11588239762932,0.0292108575192484,2904.82639806598,5.179214785331342,0.6817088337533559,0.6419337966930359,0.6419337966930359,0.6415417776345014,0.6423262951370498,0.8627488816986782,400,28.789994955062863,0.0001061303797625,13.893715529451944,0.07197498738765716,2.6532594940625e-07
FE-BGE-M3-S,mmm,english,KMeans,12.94271910469979,0.0291947947879219,2904.8271087754274,5.178446124996351,0.68116697637117,0.6415344771421942,0.6415344771421944,0.6411350895339394,0.6419343626482912,0.8624487919945177,400,27.97774338722229,0.00010461471131,14.297078733758203,0.06994435846805573,2.61536778275e-07
FE-BGE-M3-S,mmm,english,KMeans++,84.23010964505374,0.0291947947879219,2904.8271443281665,5.178663335120664,0.6812040291975281,0.6415429916743456,0.6415429916743456,0.6411463531704394,0.6419401212345851,0.8624740716505999,400,28.747179985046387,0.0001061695464952,13.914408307460791,0.07186794996261597,2.65423866238e-07
FE-mE5-S,mean,english,KMeans,124.17449614871292,0.0168024803218244,1526.2674276823768,5.454236438297222,0.3201324663967747,0.4891641712873457,0.4891641712873457,0.6742155957182643,0.3838179581141958,0.5980182254181782,400,16.369873523712158,3.535237177528344e-05,24.435130755322593,0.040924683809280396,8.83809294382086e-08
FE-mE5-S,mean,english,KMeans++,78.30860400293022,0.0267782157708788,2510.6485372206084,5.150610680738062,0.5759454196140421,0.5835076369140884,0.5835076369140882,0.6584374046043397,0.5238893538340582,0.8470955205587165,400,16.22305679321289,3.507036313204313e-05,24.656265776456184,0.040557641983032224,8.767590783010782e-08
FE-mE5-S,mmm,english,KMeans,30.927304512821134,0.0245779330601408,2268.3515766472674,5.056091060278033,0.5291446787103853,0.5614976983543472,0.5614976983543472,0.6618774075582875,0.4875554885145766,0.6700526110237962,400,16.76399278640747,3.5783175642740105e-05,23.860664049219036,0.041909981966018674,8.945793910685026e-08
FE-mE5-S,mmm,english,KMeans++,34.89226983021945,0.0165374445586432,1148.8087414268218,5.271130158111261,0.2266299778254557,0.4337640630749476,0.4337640630749476,0.6608909073451307,0.3228209398943382,0.4354147056104189,400,16.649070262908936,3.564724251756047e-05,24.025365602013608,0.04162267565727234,8.911810629390117e-08
FE-XLM-R-T,mean,japanese,KMeans,27.803853809833527,0.0910038490530829,341.44766568890566,2.8770497988650745,0.4788967148787151,0.5596188811676972,0.5596188811676971,0.566324402968061,0.5530702936587958,0.5996751474346688,900,97.23789143562315,0.0004791320096799,9.255651132623022,0.10804210159513684,5.323688996443333e-07
FE-XLM-R-T,mean,japanese,KMeans++,15.713436162099242,0.0619288571727928,255.5607824379788,3.0717332135679034,0.392979777728768,0.5327546337846935,0.5327546337846935,0.5895066280510546,0.4859701316089125,0.5470228513706705,900,95.79847598075868,0.0004766103084822,9.394721479502104,0.10644275108973186,5.295670094246667e-07
FE-XLM-R-T,mmm,japanese,KMeans,25.504298405721784,0.0442884716164337,210.34435018232625,3.601226978016707,0.4249448568034404,0.5008785692477936,0.5008785692477936,0.5015887592084536,0.5001703875325464,0.5832521017656477,900,97.0087947845459,0.0004785046158042,9.277509343342297,0.10778754976060656,5.31671795338e-07
FE-XLM-R-T,mmm,japanese,KMeans++,10.456137797795236,0.0357047713428336,163.30802508859284,3.8058504704788994,0.3972940229170901,0.5115975556680359,0.5115975556680359,0.5511307597154111,0.4773562750090291,0.5544817021462946,900,96.0865833759308,0.000477453776594,9.366552211340728,0.10676287041770088,5.305041962155556e-07
FE-mBERT-T,mean,japanese,KMeans,34.01558409072459,0.0646628382138196,346.51642038490724,2.573870975325502,0.2467926586668772,0.3460959019176356,0.3460959019176355,0.3543901693255523,0.3381809994058452,0.4107335555803131,900,99.19959807395936,0.0004830821315897,9.072617404447495,0.11022177563773262,5.367579239885556e-07
FE-mBERT-T,mean,japanese,KMeans++,39.706840560771525,0.061348924162358,310.66974214696484,2.686453593897776,0.2504627615257477,0.35781670044189,0.35781670044189,0.3799593324872805,0.3381127341934567,0.4219355457518966,900,100.52871227264404,0.00049365766641,8.952666155308037,0.11169856919182672,5.485085182333333e-07
FE-mBERT-T,mmm,japanese,KMeans,8.224094045348465,0.0298046660317406,221.2657035168144,3.6449867900104618,0.2499645955489878,0.3415024188057057,0.3415024188057058,0.3284100606466094,0.3556819968754752,0.4251595829358646,900,99.8155345916748,0.0004921655005081,9.016632568083898,0.11090614954630534,5.468505561201111e-07
FE-mBERT-T,mmm,japanese,KMeans++,10.993476023897529,0.0291833366053003,221.8725738921729,3.6844917713584255,0.3148475770397872,0.3862455785658679,0.386245578565868,0.3785580767274147,0.3942517774836671,0.4734336172366447,900,101.08267140388487,0.0005001915224162,8.903603233871504,0.11231407933764986,5.557683582402223e-07
FE-XGLM-T,mean,japanese,KMeans,20.193147724494334,0.0987807324274758,393.811689180888,2.451684244926173,0.3882548505867336,0.4956490365995907,0.4956490365995907,0.5428410527744262,0.4560060427011234,0.5254801818430318,900,518.2294230461121,0.0027943251695478,1.7366825579101053,0.5758104700512356,3.1048057439420003e-06
FE-XGLM-T,mean,japanese,KMeans++,5.180528388358653,0.1104367928141899,630.3579123556391,2.422129083591943,0.4236830430852893,0.5133815331075611,0.513381533107561,0.4802851195639793,0.5513768744402439,0.5097996801094266,900,518.2685523033142,0.0027921468296108,1.7365514384389644,0.5758539470036824,3.102385366234222e-06
FE-XGLM-T,mmm,japanese,KMeans,10.472867383621631,0.0429694344107772,159.4654148419691,3.6658543324986215,0.364115472829037,0.5083778798399298,0.5083778798399299,0.5800997006851291,0.4524395807577859,0.5285197841263187,900,515.930502653122,0.0027854333921749,1.7444209934707067,0.5732561140590244,3.0949259913054445e-06
FE-XGLM-T,mmm,japanese,KMeans++,30.45257764030248,0.0622450433287274,400.8316594616503,3.3244303381097966,0.3580017946032326,0.4593957247716109,0.4593957247716109,0.398197298017968,0.5428212137291709,0.3570620629193504,900,516.6098589897156,0.0027880735680061,1.742127031334717,0.5740109544330173,3.0978595200067777e-06
FE-MPNet-S,mean,japanese,KMeans,22.544077061116692,0.0722479326485582,460.4443705413036,2.965143182003539,0.3602395209566766,0.452784030398708,0.4527840303987081,0.3903698715953055,0.5389546115920336,0.3712062969550556,900,83.54750370979309,0.0003533971970732,10.772314671736934,0.09283055967754787,3.926635523035556e-07
FE-MPNet-S,mean,japanese,KMeans++,19.93069016560912,0.072236975762267,460.4440657728216,2.965438322910053,0.3602664592168575,0.4527453237302419,0.452745323730242,0.390352448821716,0.5388781419061744,0.3712126272609242,900,83.77168655395508,0.0003545276038562,10.743486696072836,0.09307965172661675,3.9391955984022223e-07
FE-MPNet-S,mmm,japanese,KMeans,32.02107908669859,0.0600714788803446,290.36660261347146,3.4913893967654,0.4244501777306801,0.5072065178526223,0.5072065178526224,0.4933898396261594,0.5218193231878518,0.5972529778058884,900,85.19375777244568,0.0003579693669891,10.564154270597136,0.09465973085827298,3.97743741099e-07
FE-MPNet-S,mmm,japanese,KMeans++,11.008154946379364,0.0373557111062059,170.3293811010138,3.5198727275721,0.3210016861127744,0.4724023504968558,0.4724023504968558,0.5340491839052574,0.4235148169958841,0.5177392851307758,900,82.89859557151794,0.0003560224693308,10.856637483364306,0.09210955063501994,3.955805214786666e-07
FE-BGE-M3-S,mean,japanese,KMeans,20.239512922242284,0.0371359902117109,159.03767927751548,4.855678240151052,0.4559261846825899,0.5415420042376801,0.54154200423768,0.5114205691377937,0.5754336553563021,0.5701940114255256,900,268.501939535141,0.0013975252962212,3.351931094271331,0.2983354883723789,1.5528058846902223e-06
FE-BGE-M3-S,mean,japanese,KMeans++,21.371533699333668,0.0331565647787179,132.6186829414914,4.952827960495869,0.4805291215671921,0.5516253990750117,0.5516253990750117,0.5504078030926587,0.5528483940610507,0.6406440931578946,900,267.0917909145355,0.00139564608259,3.369628085230008,0.29676865657170615,1.5507178695444444e-06
FE-BGE-M3-S,mmm,japanese,KMeans,26.05064439587295,0.0276559600714538,113.44462984882198,5.10327399922203,0.3960507960441016,0.5255445087496334,0.5255445087496335,0.547651958342334,0.5051526581297173,0.5868054889029235,900,265.8028202056885,0.0013933800502261,3.3859685886836917,0.2953364668952094,1.5482000558067779e-06
FE-BGE-M3-S,mmm,japanese,KMeans++,7.554576032795012,0.0330451370030149,141.82690995774868,5.101381915979918,0.4210252570012096,0.5250840505360966,0.5250840505360967,0.5095308371663507,0.5416166703990585,0.5573231576664949,900,267.4150855541229,0.0013991383526809,3.365554333387996,0.29712787283791436,1.5545981696454443e-06
FE-mE5-S,mean,japanese,KMeans,23.449758183211088,0.0306958666499158,125.5135207663655,4.412945340359097,0.5457220992156385,0.6143106446150016,0.6143106446150017,0.6415716078185214,0.5892719419501637,0.7092554546703961,900,83.64872121810913,0.000236549045965,10.759279841867551,0.09294302357567681,2.6283227329444445e-07
FE-mE5-S,mean,japanese,KMeans++,25.92159274686128,0.0266618202845572,126.172125050237,4.228432478783245,0.5485775964517684,0.6163634008100556,0.6163634008100555,0.6403914941064454,0.5940732131335673,0.6801390968119884,900,76.85482788085938,0.0002323644640366,11.710389897628593,0.08539425320095487,2.5818273781844445e-07
FE-mE5-S,mmm,japanese,KMeans,13.586164832115172,0.0253831622504475,122.65051946521992,4.302333437991847,0.4781939662997274,0.5773817751262906,0.5773817751262906,0.6111739764694512,0.5471305745701465,0.6441048969392683,900,82.16322040557861,0.0002342761180915,10.953806284093666,0.09129246711730957,2.6030679787944446e-07
FE-mE5-S,mmm,japanese,KMeans++,28.98265924304724,0.0297091789063554,163.03008126878905,4.220080761681462,0.5057308621747076,0.5736654910429189,0.5736654910429189,0.5713781337439885,0.5759712355785767,0.669907533165711,900,76.70847964286804,0.0002304048752657,11.732731559667632,0.08523164404763116,2.560054169618889e-07
FE-XLM-R-T,mean,turkish,KMeans,28.16669636312872,0.0486183668273607,146.17604944013988,3.088980057405976,0.3983824437890841,0.5047989153744248,0.5047989153744247,0.542166872657891,0.4722498720177719,0.5799594227238971,700,54.55762028694153,0.0002564766304396,12.83047164297865,0.07793945755277361,3.663951863422857e-07
FE-XLM-R-T,mean,turkish,KMeans++,7.64556197822094,0.0556481944555543,201.55847486872025,3.476738506429633,0.4157377380935041,0.4935863826487187,0.4935863826487186,0.4458974291235308,0.552697676117376,0.5174733017915839,700,54.614973068237305,0.0002565402948407,12.816997989276725,0.07802139009748187,3.664861354867143e-07
FE-XLM-R-T,mmm,turkish,KMeans,30.082350230775774,0.0334725140109927,251.91461200684589,4.132735778389772,0.1079829460001792,0.150213676003528,0.150213676003528,0.1412500375906882,0.1603920547690493,0.3115327250173892,700,54.38137245178223,0.0002555377137171,12.87205468417815,0.07768767493111747,3.6505387673871425e-07
FE-XLM-R-T,mmm,turkish,KMeans++,46.61332541890442,0.0381311959251014,219.9162094437439,3.543390079540167,0.1246182198917989,0.2093441962172642,0.2093441962172642,0.1965906793961021,0.2238672376441093,0.37527918545803,700,54.53102135658264,0.0002554146364594,12.836730040734885,0.07790145908083235,3.648780520848572e-07
FE-mBERT-T,mean,turkish,KMeans,33.82256360445172,0.0468759178036206,260.29196886852213,3.174934902289316,0.1732206950145671,0.2396351878081189,0.2396351878081189,0.222148846765035,0.260109590802232,0.3524305343745825,700,50.64241290092468,0.0002377413108259,13.8224061592298,0.07234630414417811,3.3963044403700004e-07
FE-mBERT-T,mean,turkish,KMeans++,41.76911505311728,0.0474244506673075,202.0571259569037,3.2046469652543874,0.2829539784619158,0.3618407298043924,0.3618407298043924,0.3777403228183478,0.3472255444322532,0.5685031840638636,700,49.96883225440979,0.0002334575992863,14.008732412157268,0.07138404607772827,3.335108561232857e-07
FE-mBERT-T,mmm,turkish,KMeans,23.97764121275395,0.0200515007203001,167.77833913446847,4.221157306215432,0.1270900038626401,0.2102886030008215,0.2102886030008216,0.2257804801862716,0.1967861643183435,0.4054153011126943,700,50.29748821258545,0.0002387749555955,13.91719596496363,0.07185355458940779,3.4110707942214286e-07
FE-mBERT-T,mmm,turkish,KMeans++,9.001428560353816,0.0197715159374336,144.6810516971735,4.542113656028151,0.1403892175747348,0.2303354691961731,0.2303354691961731,0.2556370101461325,0.2095912805351384,0.4048974996252987,700,50.27283954620361,0.0002367626892697,13.924019536566261,0.07181834220886231,3.3823241324242856e-07
FE-XGLM-T,mean,turkish,KMeans,23.194575091823936,0.1179985679301556,336.0605348720573,2.346450983828294,0.5503714853955245,0.6070460874789492,0.6070460874789493,0.5983778570105369,0.6159691491933567,0.7628067368536409,700,138.72503018379211,0.0007292791956726,5.045953128087942,0.19817861454827446,1.0418274223894286e-06
FE-XGLM-T,mean,turkish,KMeans++,10.963330100290475,0.1153981703178666,381.6331860265157,2.440160386136692,0.4645159066446065,0.5744362547695165,0.5744362547695165,0.5139585272287558,0.6510450093835777,0.5421617019858654,700,138.06407976150513,0.0007401584658781,5.070109482561975,0.19723439965929304,1.0573692369687143e-06
FE-XGLM-T,mmm,turkish,KMeans,22.291027252562344,0.0562635226351756,193.29091940830403,3.311402608772982,0.3857279911552805,0.4782165378015917,0.4782165378015917,0.4715387192232201,0.4850862127434637,0.651979943589818,700,138.48925805091858,0.0007335744962958,5.054543650906338,0.19784179721559797,1.0479635661368572e-06
FE-XGLM-T,mmm,turkish,KMeans++,34.058597275055945,0.0397572658633571,110.35004882154392,3.465213602060433,0.3433703777415322,0.4821857596324213,0.4821857596324212,0.5771706333030411,0.4140462398497586,0.6107825399945647,700,137.8681948184967,0.0007350060668858,5.07731316074421,0.19695456402642386,1.0500086669797143e-06
FE-MPNet-S,mean,turkish,KMeans,23.728925214149054,0.0545999300954486,136.12902332031177,3.362230412129395,0.5167934504406008,0.5707530955804885,0.5707530955804885,0.5947771767551083,0.5485944161609189,0.6778612974621361,700,52.16113090515137,0.00018590794178,13.41995443451685,0.07451590129307338,2.655827739714286e-07
FE-MPNet-S,mean,turkish,KMeans++,11.829819063656032,0.0436966536240671,136.5229366543683,3.3956430093233863,0.5389750878441618,0.5768668793110648,0.5768668793110647,0.6049077868068556,0.5513105096625439,0.6669934607652482,700,53.82734155654907,0.0001879951584421,13.004543411541235,0.07689620222364153,2.6856451206014286e-07
FE-MPNet-S,mmm,turkish,KMeans,36.25960059650242,0.0372350310259709,130.8125274033169,3.6381083263023752,0.5298294622454809,0.5670607962624109,0.5670607962624109,0.581660726782933,0.5531758482536248,0.7439414932016267,700,49.10151720046997,0.0001829263383993,14.256178625643365,0.07014502457209996,2.613233405704286e-07
FE-MPNet-S,mmm,turkish,KMeans++,24.35604076925665,0.0371016138722325,130.84289635279794,3.637760571266412,0.5238352098809146,0.561531778942313,0.561531778942313,0.5757918751126568,0.5479609452528497,0.7239252895322423,700,52.54188776016235,0.0001872457528458,13.322703653041282,0.0750598396573748,2.674939326368571e-07
FE-BGE-M3-S,mean,turkish,KMeans,13.231578454375269,0.0344809791712274,76.55351038263933,4.645432926320826,0.6285780368664767,0.6514906128564123,0.6514906128564122,0.6707443255723657,0.6333114117557905,0.8193757268150911,700,105.82239007949828,0.0005195079794115,6.614857210030224,0.15117484297071182,7.421542563021429e-07
FE-BGE-M3-S,mean,turkish,KMeans++,25.16831500735134,0.0308611672553982,57.91632898077947,4.80393444903983,0.5285648284571483,0.6043870440963494,0.6043870440963495,0.678037310714112,0.5451692676153039,0.6614354650456079,700,107.47555589675903,0.0005223651135606,6.513108903315835,0.15353650842394148,7.462358765151427e-07
FE-BGE-M3-S,mmm,turkish,KMeans,19.720742863602936,0.0299908482383104,51.58402008888299,5.001723457923874,0.4672072713925792,0.5928753185103219,0.5928753185103219,0.6866988315651797,0.5216081144775725,0.6543274387080008,700,108.44154715538023,0.0005250137674484,6.455090492180147,0.15491649593625748,7.500196677834286e-07
FE-BGE-M3-S,mmm,turkish,KMeans++,34.789263860322535,0.0255654974149663,45.52226033884399,4.939064204515967,0.4252429024329616,0.5861177783392141,0.5861177783392142,0.7066879070737503,0.5006930463583253,0.5658653976039832,700,107.30316233634947,0.000522319394926,6.5235728822772225,0.15329023190907068,7.4617056418e-07
FE-mE5-S,mean,turkish,KMeans,19.08834655303508,0.0222472293691685,61.31165172326093,4.61358542859332,0.5794223896022106,0.6214323684270332,0.6214323684270333,0.6859306212798062,0.5680211746266424,0.7102031500931938,700,52.27179408073425,0.0001311606327542,13.39154341859481,0.07467399154390608,1.8737233250600002e-07
FE-mE5-S,mean,turkish,KMeans++,21.8708922797814,0.0216440001500586,90.38067397854928,4.475907690887799,0.6449971241923828,0.6684464575961703,0.6684464575961703,0.6636100036098779,0.6733539262343863,0.823929970476172,700,53.02257442474365,0.0001317725892332,13.20192404074096,0.07574653489249093,1.8824655604742856e-07
FE-mE5-S,mmm,turkish,KMeans,5.598049194552004,0.0137011591865391,111.4832040947156,4.757184103406308,0.3454916027531953,0.4568260235345132,0.4568260235345132,0.4115836536716708,0.5132430664209636,0.4677007810455125,700,52.76198220252991,0.0001307500365032,13.267128541778618,0.07537426028932843,1.8678576643314286e-07
FE-mE5-S,mmm,turkish,KMeans++,6.474310013465583,0.0201458480982035,93.8128633133793,4.488575722398671,0.4428285107278784,0.5323268468538807,0.5323268468538807,0.5272802700367145,0.5374709583108153,0.6896802915135879,700,54.83296537399292,0.0001328695564445,12.766043113400675,0.07833280767713274,1.8981365206357143e-07
