FeatureFamily,FeatureVariant,Dataset,N_class,Model,AccuracyTrain,WeightedF1Train,AccuracyTest,WeightedF1Test,TrainingTime,NumParams,NumEpochs,data_pts,time_sec,energy_kwh,throughput,time_per_sample,energy_per_sample
tfidf,300,arabic,2,LightGBM,0.9704178992541976,0.969957757112148,0.7977752780902387,0.7846752146909876,76.61589455604553,,,600,67.36418747901917,0.0001307877118845,8.906809722701285,0.11227364579836528,2.1797951980749999e-07
tfidf,300,arabic,2,LogisticRegression,0.7474688554643556,0.7610979396483227,0.735533058367704,0.7499473700821665,39.07446098327637,,,600,67.60865473747253,0.000131162768606,8.874603441376362,0.11268109122912089,2.186046143433333e-07
tfidf,300,arabic,2,RandomForest,0.7882171576184326,0.7967384690866633,0.7474065741782278,0.7579303499097538,3.2789015769958496,,,600,68.83763933181763,0.0001332434425113,8.716161765917391,0.11472939888636272,2.220724041855e-07
tfidf,300,arabic,2,XGBoost,0.8060497479271697,0.8157294002187448,0.7380327459067616,0.7510946915094885,1.575218915939331,,,600,67.7445776462555,0.0001314099166721,8.856797412378057,0.11290762941042583,2.1901652778683332e-07
tfidf,300,arabic,2,GaussianNB,0.6507645514770218,0.6723477659702872,0.6354205724284464,0.6577658402174642,0.6175601482391357,,,600,67.55318856239319,0.0001307746692746,8.881890148617197,0.11258864760398865,2.1795778212433332e-07
tfidf,300,arabic,2,linear,0.813186274509804,0.7995225173106202,0.7971503562054744,0.7803364240260267,33.48445439338684,602,46,600,67.77409195899963,0.0001319296411093,8.852940447552935,0.11295681993166605,2.198827351821667e-07
tfidf,300,arabic,2,microffn,0.8162254901960785,0.7982393331546578,0.7959005124359455,0.773985395716046,41.0764148235321,21602,20,600,68.37707853317261,0.0001335350312175,8.774870364034559,0.11396179755528768,2.225583853625e-07
tfidf,300,arabic,2,resmicro,0.8966176470588235,0.8931213008561008,0.7937757780277466,0.7852398405715202,62.3531219959259,79586,16,600,67.70380640029907,0.0001323054383484,8.862130977577497,0.11283967733383178,2.2050906391399998e-07
tfidf,512,arabic,2,LightGBM,0.887754676888463,0.8808050349409924,0.813273340832396,0.7973308759499717,21.74817204475403,,,600,67.66916513442993,0.0001318372801653,8.86666768842285,0.11278194189071655,2.197288002755e-07
tfidf,512,arabic,2,LogisticRegression,0.772842798216741,0.7844895584321508,0.7630296212973379,0.774977141983368,1.4969398975372314,,,600,67.87130308151245,0.0001323907070387,8.840260504198788,0.11311883846918742,2.2065117839783332e-07
tfidf,512,arabic,2,RandomForest,0.8141744093996084,0.8201744659077336,0.7606549181352331,0.7687941147030547,1.6522159576416016,,,600,68.4701406955719,0.0001333757942776,8.76294387458157,0.1141169011592865,2.2229299046266666e-07
tfidf,512,arabic,2,XGBoost,0.8197158451731178,0.828498090798654,0.7599050118735158,0.7716698601347228,4.927603960037232,,,600,67.9867775440216,0.0001324484719022,8.825245462053243,0.11331129590670268,2.2074745317033334e-07
tfidf,512,arabic,2,GaussianNB,0.6981375776009333,0.7171011508954971,0.680039995000625,0.7001866754209749,0.4523744583129883,,,600,68.34843397140503,0.0001333005840233,8.778547877937076,0.11391405661900839,2.2216764003883334e-07
tfidf,512,arabic,2,linear,0.8254901960784313,0.8105896214896683,0.8136482939632546,0.7956146409855447,24.823549509048465,1026,17,600,67.76609945297241,0.000132224492111,8.853984585853013,0.11294349908828735,2.2037415351833333e-07
tfidf,512,arabic,2,microffn,0.9444607843137256,0.9436238353577352,0.8001499812523435,0.7928313255230454,32.00013208389282,64234,16,600,67.90253710746765,0.0001324941318647,8.836194132929009,0.11317089517911275,2.2082355310783332e-07
tfidf,512,arabic,2,resmicro,0.9411274509803922,0.9400684199900516,0.8078990126234221,0.8021318783321201,69.16007256507874,168418,16,600,67.86379647254944,0.0001324271810389,8.841238350741207,0.11310632745424906,2.2071196839816667e-07
tfidf,768,arabic,2,LightGBM,0.9849589600433316,0.9848329399510116,0.8287714035745531,0.8200884958712634,40.156574726104736,,,600,68.48099541664124,0.0001336014378682,8.761554886134101,0.11413499236106872,2.2266906311366664e-07
tfidf,768,arabic,2,LogisticRegression,0.8057164284821465,0.8139887745989679,0.7916510436195475,0.8002280604929762,1.521730661392212,,,600,67.73396492004395,0.000132181440586,8.85818511744094,0.11288994153340658,2.2030240097666666e-07
tfidf,768,arabic,2,RandomForest,0.8095912670305404,0.8146668181213067,0.769153855768029,0.775611450424424,1.1202077865600586,,,600,68.4358069896698,0.0001333821080754,8.767340174575107,0.11405967831611634,2.2230351345900002e-07
tfidf,768,arabic,2,XGBoost,0.8272155326861381,0.8332974571593715,0.7864016997875266,0.793665348317243,2.1693108081817627,,,600,67.84817504882812,0.000132189946737,8.84327396526435,0.11308029174804687,2.20316577895e-07
tfidf,768,arabic,2,GaussianNB,0.7290112911962001,0.7455960279082049,0.7109111361079865,0.7288205439300214,0.7025668621063232,,,600,67.9248399734497,0.0001323214209253,8.833292801786895,0.11320806662241618,2.205357015421667e-07
tfidf,768,arabic,2,linear,0.8334803921568628,0.8153675895000314,0.8201474815648044,0.7980044489937094,123.73210906982422,1538,16,600,68.31996965408325,0.0001333548046648,8.782205305972937,0.11386661609013875,2.222580077746667e-07
tfidf,768,arabic,2,microffn,0.9158823529411764,0.9129277386383392,0.8293963254593176,0.8194639513555415,108.3095726966858,92906,27,600,67.84470868110657,0.0001322078566063,8.843725791796174,0.11307451446851094,2.2034642767716665e-07
tfidf,768,arabic,2,resmicro,0.962156862745098,0.9618315444007436,0.8166479190101237,0.8160999209382387,57.73619294166565,449378,16,600,68.03070378303528,0.0001325883511048,8.81954715496595,0.1133845063050588,2.2098058517466665e-07
tfidf,1024,arabic,2,LightGBM,0.8922544893962752,0.8859047707019124,0.8325209348831396,0.8197630866394493,13.274041652679443,,,600,68.12656116485596,0.0001328634119482,8.807137623578136,0.11354426860809326,2.2143901991366664e-07
tfidf,1024,arabic,2,LogisticRegression,0.8151743677346778,0.8227334335917174,0.8003999500062492,0.8083805534859816,1.6846444606781006,,,600,67.9565896987915,0.0001325002131094,8.829165834533777,0.11326098283131918,2.2083368851566665e-07
tfidf,1024,arabic,2,RandomForest,0.7639681679930003,0.7726468370213375,0.7499062617172854,0.7591489638539821,1.895992994308472,,,600,68.98187065124512,0.000134332892764,8.697937506413071,0.11496978441874187,2.2388815460666665e-07
tfidf,1024,arabic,2,XGBoost,0.8947960501645765,0.8978115595514765,0.8098987626546682,0.8155661565474153,2.681824922561645,,,600,67.72567629814148,0.0001319314633131,8.859269228389605,0.11287612716356914,2.198857721885e-07
tfidf,1024,arabic,2,GaussianNB,0.7436356818465897,0.7591030809445823,0.7301587301587301,0.7465770449980482,1.2380824089050293,,,600,67.76561880111694,0.0001322923667516,8.8540473859011,0.11294269800186157,2.2048727791933336e-07
tfidf,1024,arabic,2,linear,0.8466666666666667,0.8338916690476009,0.8323959505061868,0.8168514166195632,23.966094970703125,2050,18,600,67.8936984539032,0.0001323592727743,8.83734446146535,0.11315616408983867,2.2059878795716666e-07
tfidf,1024,arabic,2,microffn,0.9605882352941176,0.9599672591765578,0.8260217472815898,0.817655437320454,52.43978500366211,121578,16,600,68.36373519897461,0.0001333565074208,8.776583056114221,0.11393955866495768,2.222608457013333e-07
tfidf,1024,arabic,2,resmicro,0.9862254901960784,0.9861535756285544,0.8221472315960505,0.8194516205899769,37.69226789474487,664514,16,600,68.02391576766968,0.0001327985971594,8.820427245753578,0.11337319294611613,2.2133099526566666e-07
tfidf,2048,arabic,2,LightGBM,0.9892504478980042,0.989186409396105,0.8546431696037995,0.849000479257261,48.75604104995728,,,600,67.89717650413513,0.0001324584659091,8.836891766235055,0.11316196084022521,2.2076410984849998e-07
tfidf,2048,arabic,2,LogisticRegression,0.8383400691637849,0.8442315840687236,0.8183977002874641,0.8249911053786083,13.515788555145264,,,600,67.87119388580322,0.0001323178192854,8.840274727000248,0.1131186564763387,2.2052969880900002e-07
tfidf,2048,arabic,2,RandomForest,0.7847173034456898,0.7906995730582816,0.7724034495688039,0.7788200869532601,1.6664800643920898,,,600,68.75152540206909,0.0001338818478641,8.727079093752629,0.11458587567011515,2.2313641310683334e-07
tfidf,2048,arabic,2,XGBoost,0.8730886213074456,0.8770693504742403,0.8060242469691289,0.8127059430456791,1.2273852825164795,,,600,67.94521999359131,0.0001325476143206,8.830643274929317,0.11324203332265217,2.2091269053433335e-07
tfidf,2048,arabic,2,GaussianNB,0.780050831215366,0.7924146921546279,0.7535308086489189,0.7674317543262497,2.510648727416992,,,600,68.19964241981506,0.0001329520346699,8.79770008626428,0.11366607069969177,2.2158672444983333e-07
tfidf,2048,arabic,2,linear,0.8718137254901961,0.8629989512619923,0.8470191226096738,0.8350637548533695,109.3259892463684,4098,16,600,67.6998188495636,0.0001320755872382,8.862652961203125,0.11283303141593932,2.2012597873033332e-07
tfidf,2048,arabic,2,microffn,0.9178921568627452,0.9141912164375584,0.8490188726409199,0.8379794421798314,62.7040810585022,99722,17,600,67.96292328834534,0.0001326948896762,8.828343028365458,0.11327153881390889,2.2115814946033333e-07
tfidf,2048,arabic,2,resmicro,0.9545098039215686,0.953449158042404,0.8446444194475691,0.8360269955921115,85.02312135696411,1196898,16,600,67.99155282974243,0.0001327243938416,8.824625634046914,0.11331925471623738,2.2120732306933336e-07
tfidf,300,arabic,3,LightGBM,0.9271537162162162,0.927941284373936,0.5938829065242964,0.5958515378983206,68.28038716316223,,,600,69.22892045974731,0.0001350264200503,8.666898111590024,0.11538153409957885,2.2504403341716667e-07
tfidf,300,arabic,3,LogisticRegression,0.6288610038610039,0.6003993479365297,0.6271830603565288,0.5985302345267753,16.821861028671265,,,600,68.34119296073914,0.0001334769218021,8.779477998645559,0.11390198826789856,2.2246153633683335e-07
tfidf,300,arabic,3,RandomForest,0.7001085907335908,0.7012717521661065,0.5712605194100081,0.5744749593969739,1.697136163711548,,,600,69.129150390625,0.0001347001081363,8.679406539927177,0.11521525065104167,2.245001802271667e-07
tfidf,300,arabic,3,XGBoost,0.5844292953667953,0.5889501096084546,0.5488191113926342,0.5549882527448178,1.3437447547912598,,,600,68.63758277893066,0.0001338594555652,8.741566583609046,0.11439597129821777,2.2309909260866665e-07
tfidf,300,arabic,3,GaussianNB,0.5350808397683398,0.546897996579185,0.532169034476518,0.5446026071259706,0.3608436584472656,,,600,68.72393369674683,0.0001340120837839,8.73058289485548,0.11453988949457804,2.2335347297316665e-07
tfidf,300,arabic,3,linear,0.5913978494623656,0.5057477282004892,0.58772961722921,0.5006714601576123,39.01624321937561,903,22,600,69.0603346824646,0.0001347262063504,8.688055202147009,0.11510055780410766,2.245436772506667e-07
tfidf,300,arabic,3,microffn,0.6550622804215905,0.6200936208319221,0.6170482309293277,0.5755308246789756,118.80782127380373,15843,25,600,68.49669456481934,0.0001338542822883,8.759546775388001,0.11416115760803222,2.230904704805e-07
tfidf,300,arabic,3,resmicro,0.6314986337343412,0.5786812347710117,0.6123427744095556,0.5540893799800624,46.90523076057434,195663,17,600,68.52995920181274,0.0001337561368821,8.75529486648416,0.1142165986696879,2.2292689480350001e-07
tfidf,512,arabic,3,LightGBM,0.6867458976833977,0.6915258181495809,0.5728893312822368,0.582199186352316,32.17000126838684,,,600,68.52707719802856,0.0001338157040247,8.755663082873484,0.1142117953300476,2.230261733745e-07
tfidf,512,arabic,3,LogisticRegression,0.6478643822393823,0.6254003482403221,0.6371369106868157,0.6143612134894555,18.486931324005127,,,600,68.55739498138428,0.0001337293773773,8.751791111125517,0.1142623249689738,2.2288229562883332e-07
tfidf,512,arabic,3,RandomForest,0.6143520752895753,0.6146408110462699,0.5628449914034929,0.5634063409456929,1.26119065284729,,,600,69.37849140167236,0.0001351155874181,8.64821341424465,0.11563081900278727,2.2519264569683334e-07
tfidf,512,arabic,3,XGBoost,0.5858771718146718,0.5910275976934324,0.5548819111392634,0.5613176574780628,1.1968724727630615,,,600,68.26772356033325,0.0001329220901532,8.78892643124002,0.11377953926722209,2.2153681692200002e-07
tfidf,512,arabic,3,GaussianNB,0.5379162644787645,0.551479187915765,0.5314451180888607,0.5451635233335358,0.6316351890563965,,,600,68.31879448890686,0.0001329442297802,8.782356370433671,0.11386465748151144,2.2157371630033332e-07
tfidf,512,arabic,3,linear,0.6268852691720785,0.5747379640513033,0.6183150846077278,0.5647259284413703,73.73162579536438,1539,20,600,68.43086433410645,0.0001335744261222,8.76797342600502,0.11405144055684407,2.2262404353699998e-07
tfidf,512,arabic,3,microffn,0.620639483303169,0.5523900919059872,0.6056465478237264,0.5327834934822093,131.02907466888428,35203,16,600,68.84219288825989,0.0001343531412641,8.715585236714938,0.11473698814709982,2.2392190210683335e-07
tfidf,512,arabic,3,resmicro,0.6430320451399979,0.5905352078128205,0.6160528458962989,0.5551775842021939,60.27059698104858,333251,21,600,68.3094413280487,0.0001331781009752,8.783558880514992,0.11384906888008117,2.2196350162533335e-07
tfidf,768,arabic,3,LightGBM,0.6948600386100386,0.698709705678429,0.5934304587820107,0.6011721835424271,33.71638870239258,,,600,68.39958882331848,0.0001333356518833,8.77198255606254,0.1139993147055308,2.2222608647216665e-07
tfidf,768,arabic,3,LogisticRegression,0.6678028474903475,0.6505952393748005,0.6436521581757307,0.6247415829922519,18.489473342895508,,,600,68.51027059555054,0.0001335637525162,8.757810979058775,0.11418378432591757,2.2260625419366667e-07
tfidf,768,arabic,3,RandomForest,0.7941300675675675,0.7953388161418051,0.6107139625373269,0.6137064956137951,4.57702374458313,,,600,69.39132499694824,0.0001349038868084,8.646613968336638,0.11565220832824707,2.2483981134733335e-07
tfidf,768,arabic,3,XGBoost,0.5923322876447876,0.596278689095595,0.5657406569541218,0.5705609621929557,1.2144560813903809,,,600,68.51970839500427,0.0001336315498461,8.756604691618122,0.11419951399167379,2.2271924974349998e-07
tfidf,768,arabic,3,GaussianNB,0.5594534266409267,0.57188770247903,0.5446565921636051,0.5582074520235771,0.9192299842834472,,,600,68.97036147117615,0.0001344829356111,8.699388943332563,0.11495060245196025,2.2413822601849998e-07
tfidf,768,arabic,3,linear,0.6434578941765144,0.6050292258319298,0.6372274002352728,0.5982808120983483,59.40267252922058,2307,21,600,68.29880428314209,0.0001332892005386,8.78492685629777,0.11383134047190348,2.2214866756433334e-07
tfidf,768,arabic,3,microffn,0.8224209517725967,0.8178705361833482,0.634965161523844,0.6216611670202115,81.00492238998413,92963,23,600,68.50025463104248,0.0001335910674562,8.759091527932746,0.11416709105173747,2.226517790936667e-07
tfidf,768,arabic,3,resmicro,0.6103126441676425,0.5282698109544025,0.5984073839471541,0.5109836341705751,113.54098558425903,351651,21,600,68.36129546165466,0.0001334492047343,8.776896282437377,0.11393549243609111,2.2241534122383332e-07
tfidf,1024,arabic,3,LightGBM,0.6978161196911197,0.7017508803836892,0.5956022079449823,0.6030591046146626,64.4530177116394,,,600,68.53895235061646,0.0001337308601603,8.754146064717364,0.11423158725102743,2.2288476693383336e-07
tfidf,1024,arabic,3,LogisticRegression,0.6432492760617761,0.650533187235267,0.6167767622839562,0.6255007204169771,73.03259015083313,,,600,68.91983294487,0.0001342382476889,8.705766894123917,0.11486638824145,2.2373041281483333e-07
tfidf,1024,arabic,3,RandomForest,0.6199625965250966,0.6211204295827873,0.5766898923174374,0.579565570440052,3.492496490478516,,,600,69.60046005249023,0.0001353764368102,8.620632673225161,0.11600076675415039,2.2562739468366667e-07
tfidf,1024,arabic,3,XGBoost,0.650096525096525,0.6546608245709098,0.5940638856212107,0.6006185027339975,2.4563910961151123,,,600,68.45018482208252,0.0001335486525848,8.765498611282576,0.11408364137013753,2.2258108764133332e-07
tfidf,1024,arabic,3,GaussianNB,0.5702823359073359,0.5827304940259328,0.5499954755225771,0.5634346634753624,1.5220694541931152,,,600,68.28692412376404,0.0001330096442708,8.786455206454354,0.11381154020627339,2.2168274045133332e-07
tfidf,1024,arabic,3,linear,0.668973348947798,0.6422454983534415,0.6458239073387024,0.6164924358275788,248.1695885658264,3075,16,600,68.55174827575684,0.0001334791795333,8.75251200868627,0.11425291379292805,2.2246529922216666e-07
tfidf,1024,arabic,3,microffn,0.6995635047375706,0.674404546448419,0.6457334177902452,0.6132931549836925,92.64098715782166,140035,24,600,68.37269163131714,0.0001335081956504,8.775433373829305,0.11395448605219523,2.2251365941733333e-07
tfidf,1024,arabic,3,resmicro,0.6674473899002803,0.6254722721130762,0.6324314541670437,0.5827802057957939,133.86813187599182,271747,16,600,69.07966828346252,0.0001348131646692,8.685623641647368,0.11513278047243754,2.24688607782e-07
tfidf,2048,arabic,3,LightGBM,0.764327944015444,0.7668151151224867,0.6258257171296715,0.6322072774703703,279.66023087501526,,,600,68.43495392799377,0.0001335997648095,8.767449462029461,0.11405825654665629,2.226662746825e-07
tfidf,2048,arabic,3,LogisticRegression,0.6775458494208494,0.6837542796104777,0.6297167677133291,0.6380748566116271,67.56801295280457,,,600,68.40907025337219,0.0001329971268859,8.770766767882265,0.11401511708895365,2.2166187814316667e-07
tfidf,2048,arabic,3,RandomForest,0.6697031853281853,0.6708200319674792,0.594154375169668,0.5965113590402112,3.370680809020996,,,600,68.94828724861145,0.0001342288791056,8.702174106755399,0.11491381208101908,2.2371479850933332e-07
tfidf,2048,arabic,3,XGBoost,0.6060871138996139,0.6075341523757981,0.5777757668989232,0.5798263911607201,1.7534511089324951,,,600,68.97948551177979,0.0001344636101337,8.69823825951176,0.11496580918629964,2.241060168895e-07
tfidf,2048,arabic,3,GaussianNB,0.6058458011583011,0.6171077203525386,0.5679124061170935,0.5812441579373112,9.546942949295044,,,600,68.47756552696228,0.0001336024434938,8.761993733024237,0.11412927587827047,2.2267073915633335e-07
tfidf,2048,arabic,3,linear,0.7043543063983818,0.6871144184260719,0.6620215365125328,0.6413201215285006,392.3827440738678,6147,17,600,68.45841479301453,0.0001333892605449,8.764444835804522,0.11409735798835755,2.223154342415e-07
tfidf,2048,arabic,3,microffn,0.88257212818056,0.88067486608822,0.6563206949597321,0.6469249249764206,106.75431728363036,201795,16,600,68.62930870056152,0.0001339968336462,8.742620483296385,0.11438218116760254,2.23328056077e-07
tfidf,2048,arabic,3,resmicro,0.965009404166223,0.9650891709860744,0.595421228848068,0.6070583428431788,92.3561704158783,936611,16,600,68.48925733566284,0.0001332181932958,8.760497972104243,0.11414876222610473,2.2203032215966665e-07
tfidf,300,chinese,2,LightGBM,0.9165555555555556,0.916552341254342,0.9012380952380952,0.9012352859306728,13.48235011100769,,,600,3.308157205581665,6.518700059210101e-06,181.3698572086158,0.005513595342636108,1.0864500098683502e-08
tfidf,300,chinese,2,LogisticRegression,0.901984126984127,0.9019797497588375,0.8991428571428571,0.8991371475277798,13.82495641708374,,,600,3.242119550704956,6.399943993091583e-06,185.06411951081137,0.00540353258450826,1.0666573321819306e-08
tfidf,300,chinese,2,RandomForest,0.8806825396825397,0.8804788146024255,0.8667619047619047,0.8665749899376043,3.338958978652954,,,600,3.953652620315552,7.659222443329323e-06,151.75840105854124,0.006589421033859254,1.2765370738882205e-08
tfidf,300,chinese,2,XGBoost,0.9072063492063492,0.9071799731644378,0.8933809523809524,0.8933514968382458,1.347440242767334,,,600,3.333589553833008,6.51161159515381e-06,179.98616515644875,0.00555598258972168,1.0852685991923015e-08
tfidf,300,chinese,2,GaussianNB,0.8658412698412699,0.8658410198438355,0.8657619047619047,0.8657617437368762,1.196270227432251,,,600,3.24028754234314,6.384116524976712e-06,185.16875189605045,0.005400479237238567,1.064019420829452e-08
tfidf,300,chinese,2,linear,0.8926984126984127,0.8926565113411503,0.8905238095238095,0.8904785284798622,80.8243510723114,602,22,600,3.2546167373657227,6.455261080503463e-06,184.35350408897554,0.005424361228942871,1.0758768467505771e-08
tfidf,300,chinese,2,microffn,0.9224649859943976,0.9224588076897744,0.9020476190476192,0.902040501768066,69.7605185508728,27642,17,600,3.3052759170532227,6.559564892645236e-06,181.52796167616847,0.005508793195088704,1.0932608154408726e-08
tfidf,300,chinese,2,resmicro,0.9252847805788982,0.9252675550989464,0.902095238095238,0.9020707615592338,54.38617706298828,156770,19,600,3.329962015151977,6.607826237486255e-06,180.18223549394344,0.0055499366919199615,1.1013043729143758e-08
tfidf,512,chinese,2,LightGBM,0.9260158730158732,0.9260146031848786,0.910095238095238,0.9100942954104806,17.939387798309326,,,600,3.305569887161255,6.5426410205496685e-06,181.51181807723503,0.005509283145268758,1.0904401700916114e-08
tfidf,512,chinese,2,LogisticRegression,0.9155396825396824,0.9155344258611736,0.9144285714285716,0.9144219299105468,23.935956478118896,,,600,3.2860002517700195,6.492710534501959e-06,182.59280402574745,0.005476667086283366,1.0821184224169932e-08
tfidf,512,chinese,2,RandomForest,0.8790476190476191,0.8788767844718809,0.8710476190476191,0.8708975393399725,1.823476791381836,,,600,3.690205812454224,7.201840636124409e-06,162.59255729722062,0.00615034302075704,1.2003067726874015e-08
tfidf,512,chinese,2,XGBoost,0.913952380952381,0.9139307389245094,0.9020476190476192,0.9020202467038868,2.2349722385406494,,,600,3.3131580352783203,6.534551093074156e-06,181.09610034028978,0.0055219300587972,1.0890918488456926e-08
tfidf,512,chinese,2,GaussianNB,0.8843015873015873,0.8843015515921896,0.8848571428571429,0.88485687549533,1.504070520401001,,,600,3.6179511547088623,7.103792274829113e-06,165.83971821153074,0.006029918591181438,1.1839653791381856e-08
tfidf,512,chinese,2,linear,0.9057142857142856,0.9056804001217796,0.905095238095238,0.905060274226932,83.10478162765503,1026,16,600,3.275508165359497,6.462122678564654e-06,183.17768410574186,0.005459180275599162,1.0770204464274424e-08
tfidf,512,chinese,2,microffn,0.9303828197945844,0.930378076592748,0.9123809523809524,0.9123743707225755,54.151408433914185,54290,21,600,3.3069047927856445,6.549079986201391e-06,181.43854679728372,0.005511507987976074,1.0915133310335651e-08
tfidf,512,chinese,2,resmicro,0.9411017740429504,0.941091242622392,0.9144761904761904,0.9144553214542026,101.08203625679016,267010,17,600,3.3425655364990234,6.610941692765896e-06,179.50283799923193,0.0055709425608317055,1.1018236154609828e-08
tfidf,768,chinese,2,LightGBM,0.9981746031746032,0.9981746031189536,0.9232857142857144,0.9232845158889568,66.12856388092041,,,600,3.3754701614379883,6.69447076381321e-06,177.75301552196012,0.005625783602396647,1.1157451273022017e-08
tfidf,768,chinese,2,LogisticRegression,0.9232063492063493,0.923201928160583,0.9197142857142856,0.9197088994741088,21.310264587402344,,,600,3.2418289184570312,6.416479937659369e-06,185.08071063958974,0.005403048197428386,1.0694133229432281e-08
tfidf,768,chinese,2,RandomForest,0.8704920634920635,0.8703241517610432,0.8653809523809524,0.8652400683590846,1.5614609718322754,,,600,3.5822198390960693,7.035895880430637e-06,167.49390795384653,0.005970366398493449,1.172649313405106e-08
tfidf,768,chinese,2,XGBoost,0.9165555555555556,0.9165294097443762,0.9041428571428572,0.9041122807017544,1.4658684730529783,,,600,3.3149960041046143,6.532146158410657e-06,180.99569328502432,0.005524993340174357,1.0886910264017762e-08
tfidf,768,chinese,2,GaussianNB,0.8893174603174603,0.8893168244678545,0.8876666666666667,0.8876666643741496,2.14683485031128,,,600,3.26226544380188,6.442128478986245e-06,183.92126892677177,0.005437109073003133,1.0736880798310408e-08
tfidf,768,chinese,2,linear,0.9233800186741364,0.9233762209158706,0.9192857142857144,0.9192802361410148,266.72013688087463,1538,53,600,3.3015682697296143,6.533436764876047e-06,181.73181681599385,0.00550261378288269,1.0889061274793412e-08
tfidf,768,chinese,2,microffn,0.933874883286648,0.933863158537504,0.9174761904761904,0.9174626474254656,107.21082258224487,107202,23,600,3.324607610702514,6.635958497509307e-06,180.47242569874751,0.00554101268450419,1.1059930829182178e-08
tfidf,768,chinese,2,resmicro,0.9750140056022408,0.975012225333771,0.9242857142857144,0.9242533620550188,265.5545945167541,350882,20,600,3.390799045562744,6.717428130693333e-06,176.94944228121392,0.005651331742604573,1.1195713551155555e-08
tfidf,1024,chinese,2,LightGBM,0.9986825396825396,0.9986825396662748,0.927952380952381,0.9279514619659264,69.15660262107849,,,600,3.390858888626098,6.671818703774056e-06,176.9463194155823,0.005651431481043497,1.1119697839623426e-08
tfidf,1024,chinese,2,LogisticRegression,0.9304285714285714,0.9304242414112992,0.9254285714285714,0.9254239115222356,2.368083238601685,,,600,3.264544486999512,6.435565819899241e-06,183.7928698442913,0.00544090747833252,1.0725943033165403e-08
tfidf,1024,chinese,2,RandomForest,0.8864920634920634,0.8862248737160384,0.8760952380952381,0.8758517555177944,2.1894688606262207,,,600,3.5981483459472656,7.033986279555042e-06,166.75243550639132,0.00599691390991211,1.172331046592507e-08
tfidf,1024,chinese,2,XGBoost,0.9182698412698412,0.9182446900283804,0.9076190476190475,0.907591283933687,1.969926357269287,,,600,3.349435567855835,6.595056640826247e-06,179.13465951043634,0.005582392613093058,1.0991761068043745e-08
tfidf,1024,chinese,2,GaussianNB,0.9002222222222223,0.9002201370267185,0.897,0.8969940950288354,2.761086225509644,,,600,3.65283727645874,7.166484740356994e-06,164.25587963274202,0.006088062127431233,1.1944141233928323e-08
tfidf,1024,chinese,2,linear,0.92765639589169,0.9276465714168516,0.9244285714285714,0.9244159842047528,448.6986610889435,2050,61,600,3.3053438663482666,6.505870421379271e-06,181.52422993220313,0.005508906443913777,1.0843117368965452e-08
tfidf,1024,chinese,2,microffn,0.962782446311858,0.9627788687329204,0.924952380952381,0.9249370619854392,87.91510319709778,85562,18,600,3.3434085845947266,6.568629473255526e-06,179.45757594946457,0.005572347640991211,1.094771578875921e-08
tfidf,1024,chinese,2,resmicro,0.9438655462184874,0.9438648689799256,0.9254285714285714,0.925428002584582,169.748765707016,401986,27,600,3.39414119720459,6.686914360266861e-06,176.77520325146142,0.005656901995340983,1.1144857267111435e-08
tfidf,2048,chinese,2,LightGBM,0.99984126984127,0.99984126983983,0.939095238095238,0.9390948788793196,175.36957788467407,,,600,3.4307005405426025,6.762232393585145e-06,174.89139401980665,0.005717834234237671,1.1270387322641909e-08
tfidf,2048,chinese,2,LogisticRegression,0.9506666666666668,0.9506659860586376,0.9374285714285714,0.9374268545690256,64.41431164741516,,,600,3.2689969539642334,6.435716679155826e-06,183.5425387204459,0.005448328256607056,1.072619446525971e-08
tfidf,2048,chinese,2,RandomForest,0.9632222222222222,0.9632216840208188,0.9144285714285716,0.9144174862612988,14.964974164962769,,,600,4.454151153564453,8.494392163346453e-06,134.7058012433744,0.0074235852559407555,1.4157320272244087e-08
tfidf,2048,chinese,2,XGBoost,0.9212857142857144,0.9212605166789593,0.9114285714285716,0.9114013642139396,2.063755750656128,,,600,3.338850259780884,6.465970740991255e-06,179.70257822804422,0.00556475043296814,1.0776617901652092e-08
tfidf,2048,chinese,2,GaussianNB,0.9147777777777778,0.9147702773689216,0.910904761904762,0.9108987149379578,7.59561014175415,,,600,3.281747817993164,6.431192580435012e-06,182.8294047185224,0.005469579696655274,1.071865430072502e-08
tfidf,2048,chinese,2,linear,0.9444444444444444,0.9444422179308768,0.9378095238095238,0.937806265478362,687.8451857566833,4098,87,600,3.2976059913635254,6.466055748065313e-06,181.9501788786799,0.005496009985605876,1.0776759580108855e-08
tfidf,2048,chinese,2,microffn,0.9746218487394958,0.974621775452812,0.9376190476190476,0.9376179018254076,141.45168471336365,133474,16,600,3.34199333190918,6.562195562735255e-06,179.53357185702046,0.0055699888865153,1.093699260455876e-08
tfidf,2048,chinese,2,resmicro,0.9982633053221288,0.9982633050017528,0.9323809523809524,0.9323802433701708,196.40047907829285,934562,16,600,3.4131557941436768,6.710791671261605e-06,175.79039346211076,0.005688592990239461,1.1184652785436007e-08
tfidf,300,chinese,3,LightGBM,0.7566349206349207,0.7560449169251618,0.7214285714285714,0.720590563511557,39.47582960128784,,,600,3.337897777557373,6.567523243692187e-06,179.75385706361314,0.005563162962595622,1.094587207282031e-08
tfidf,300,chinese,3,LogisticRegression,0.7213439153439154,0.7201261393551994,0.7210793650793651,0.7197920357833244,30.63963842391968,,,600,3.222902297973633,6.3389116697311405e-06,186.16760439099997,0.005371503829956055,1.0564852782885234e-08
tfidf,300,chinese,3,RandomForest,0.6787407407407408,0.675025090478003,0.6680952380952381,0.6638374486513203,1.691364049911499,,,600,3.580592632293701,6.99243325997282e-06,167.57002586346843,0.005967654387156168,1.1654055433288033e-08
tfidf,300,chinese,3,XGBoost,0.7191746031746031,0.7176725148001489,0.7113333333333334,0.7096478543443177,10.098510026931764,,,600,3.362353801727295,6.581415894843345e-06,178.44642038912454,0.005603923002878825,1.0969026491405574e-08
tfidf,300,chinese,3,GaussianNB,0.6726031746031746,0.6678978789103456,0.6735238095238095,0.6688385352863367,1.0099010467529297,,,600,3.6182730197906494,7.069642536648195e-06,165.82496586581948,0.006030455032984416,1.1782737561080324e-08
tfidf,300,chinese,3,linear,0.7165266106442577,0.7154155845121821,0.7165714285714285,0.7154220815035973,616.5883655548096,903,82,600,3.2605483531951904,6.400607368634807e-06,184.0181267092779,0.005434247255325317,1.0667678947724679e-08
tfidf,300,chinese,3,microffn,0.7091565515094926,0.704755309625439,0.7041904761904761,0.699713591565362,162.71579694747925,27683,18,600,3.311583995819092,6.520615713057979e-06,181.1821777003108,0.005519306659698487,1.0867692855096631e-08
tfidf,300,chinese,3,resmicro,0.7360971055088702,0.7336311557677503,0.7192698412698413,0.7165100790036861,76.74917697906494,176367,16,600,3.3227272033691406,6.5461596466734425e-06,180.5745591728442,0.005537878672281901,1.0910266077789071e-08
tfidf,512,chinese,3,LightGBM,0.9648677248677248,0.9648163960316158,0.7477460317460317,0.7474097344785564,137.52678179740906,,,600,3.5989058017730717,7.0834827273181e-06,166.71733939365632,0.005998176336288453,1.1805804545530167e-08
tfidf,512,chinese,3,LogisticRegression,0.7446031746031746,0.7438555964357975,0.7412380952380953,0.7404385003310089,27.36576557159424,,,600,3.278512716293335,6.448288094162941e-06,183.00981326628985,0.005464187860488892,1.0747146823604901e-08
tfidf,512,chinese,3,RandomForest,0.6817777777777778,0.6808629130610337,0.6783809523809524,0.6770683462243741,2.3716390132904053,,,600,3.5555195808410645,6.959211292712376e-06,168.75170741095144,0.005925865968068441,1.159868548785396e-08
tfidf,512,chinese,3,XGBoost,0.732021164021164,0.7310665022923261,0.7240952380952381,0.7229432403834476,4.4808502197265625,,,600,3.298670768737793,6.470587058862051e-06,181.89144721150353,0.0054977846145629885,1.0784311764770084e-08
tfidf,512,chinese,3,GaussianNB,0.6892169312169312,0.6838267784335368,0.6885714285714286,0.6834629489337919,2.596585988998413,,,600,3.225425720214844,6.348742824342517e-06,186.02195556375554,0.005375709533691407,1.0581238040570862e-08
tfidf,512,chinese,3,linear,0.7425957049486461,0.7411865705515611,0.7398095238095238,0.7383548737003786,74.3379373550415,1539,16,600,3.2274205684661865,6.359960948924223e-06,185.9069765689529,0.005379034280776978,1.0599934914873706e-08
tfidf,512,chinese,3,microffn,0.7327855586679116,0.7305200313705952,0.7245079365079365,0.7220783942055028,166.67919206619263,74499,16,600,3.28342866897583,6.470300213389927e-06,182.73581079108763,0.005472381114959717,1.0783833688983212e-08
tfidf,512,chinese,3,resmicro,0.7369436663554311,0.734495580328505,0.7302222222222222,0.7279338282827402,79.17392611503601,333251,16,600,3.357093334197998,6.621264972075766e-06,178.7260407352775,0.005595155556996663,1.1035441620126276e-08
tfidf,768,chinese,3,LightGBM,0.9710899470899472,0.9710676160581152,0.7555238095238095,0.7551782546239073,182.70180535316467,,,600,3.5808522701263428,7.045537834452459e-06,167.55787581787905,0.005968087116877238,1.1742563057420765e-08
tfidf,768,chinese,3,LogisticRegression,0.7571746031746032,0.7565965364674648,0.7521587301587301,0.7514565035649208,7.045509099960327,,,600,3.256657361984253,6.4114537187019984e-06,184.23798800694993,0.005427762269973755,1.0685756197836664e-08
tfidf,768,chinese,3,RandomForest,0.7097671957671957,0.7093326909852359,0.6947301587301588,0.6938716532283284,5.764095783233643,,,600,3.96841049194336,7.590836366447243e-06,151.19403630700904,0.006614017486572267,1.2651393944078738e-08
tfidf,768,chinese,3,XGBoost,0.7363915343915344,0.735351954883866,0.7316190476190476,0.7304641642791313,2.710994005203247,,,600,3.3494198322296143,6.515762057142018e-06,179.1355010878397,0.005582366387049357,1.085960342857003e-08
tfidf,768,chinese,3,GaussianNB,0.6990687830687831,0.695230689283311,0.6969206349206349,0.693105281818988,3.8818490505218506,,,600,3.6719911098480233,7.197882573413693e-06,163.3990884103292,0.006119985183080039,1.1996470955689488e-08
tfidf,768,chinese,3,linear,0.7284905073140368,0.7288983213290929,0.7278095238095238,0.7280170590285223,265.9759929180145,2307,44,600,3.2408103942871094,6.389977872424656e-06,185.13887793549358,0.005401350657145182,1.064996312070776e-08
tfidf,768,chinese,3,microffn,0.7738935574229692,0.7725557180128181,0.7521269841269841,0.7507478239008497,105.34179592132568,65123,16,600,3.3287627696990967,6.573859055804951e-06,180.24714931975672,0.005547937949498495,1.0956431759674918e-08
tfidf,768,chinese,3,resmicro,0.7705944600062247,0.7706432739927153,0.7504126984126984,0.7504782344833997,220.22789788246155,253155,26,600,3.3426012992858887,6.600050129988715e-06,179.50091748249594,0.005571002165476481,1.1000083549981192e-08
tfidf,1024,chinese,3,LightGBM,0.7853862433862434,0.7850437768373151,0.752984126984127,0.7524143310293946,87.29879093170166,,,600,3.3492226600646973,6.606971927048059e-06,179.1460469780799,0.005582037766774495,1.101161987841343e-08
tfidf,1024,chinese,3,LogisticRegression,0.7665396825396825,0.7660785441935987,0.7595873015873016,0.7591427340162984,8.736143589019775,,,600,3.2394888401031494,6.394750970363617e-06,185.21440561002063,0.005399148066838583,1.0657918283939361e-08
tfidf,1024,chinese,3,RandomForest,0.911915343915344,0.911818448364868,0.736,0.7344165924688292,46.5068895816803,,,600,5.004964590072632,9.543656976638674e-06,119.8809680272469,0.008341607650121053,1.5906094961064457e-08
tfidf,1024,chinese,3,XGBoost,0.7405079365079366,0.7395051277748409,0.7335555555555555,0.7324939049335261,2.8932998180389404,,,600,3.3666887283325195,6.55050230369773e-06,178.21665393378163,0.005611147880554199,1.0917503839496216e-08
tfidf,1024,chinese,3,GaussianNB,0.7077354497354498,0.704022124608537,0.7064444444444444,0.7027574172761125,4.884511232376099,,,600,3.2557196617126465,6.410843614988857e-06,184.29105154722524,0.005426199436187744,1.0684739358314761e-08
tfidf,1024,chinese,3,linear,0.7404544039838158,0.740283912995812,0.7414920634920635,0.7411323761480346,464.0623097419739,3075,30,600,3.270958185195923,6.444514504432678e-06,183.43248859479425,0.005451596975326538,1.0740857507387796e-08
tfidf,1024,chinese,3,microffn,0.7609088079676315,0.7575188162903052,0.7486031746031746,0.7450983502658494,147.25826740264893,50595,16,600,3.339840888977051,6.566528208050677e-06,179.64927670065507,0.005566401481628418,1.0944213680084461e-08
tfidf,1024,chinese,3,resmicro,0.7726984126984127,0.7735242680894386,0.7542857142857143,0.7551064507873123,603.8254890441895,403011,27,600,3.390488147735596,6.6870998763269e-06,176.96566802651168,0.005650813579559327,1.1145166460544835e-08
tfidf,2048,chinese,3,LightGBM,0.9786984126984128,0.9786872809852156,0.7732698412698412,0.7729827763589024,403.2457835674286,,,600,3.641090154647827,7.149506599412245e-06,164.7858126319954,0.006068483591079712,1.1915844332353741e-08
tfidf,2048,chinese,3,LogisticRegression,0.7856402116402117,0.7852435128263139,0.7726666666666666,0.7722820257486165,58.49431872367859,,,600,3.233675241470337,6.360100254098575e-06,185.54738964052024,0.0053894587357838945,1.060016709016429e-08
tfidf,2048,chinese,3,RandomForest,0.7269523809523809,0.726025794291189,0.7040634920634921,0.7025617121643333,2.680726289749145,,,600,3.609172344207764,7.045663412283567e-06,166.24310029498017,0.0060152872403462735,1.1742772353805945e-08
tfidf,2048,chinese,3,XGBoost,0.7458306878306878,0.7448680200906724,0.7374920634920635,0.7362812715270662,8.177170991897583,,,600,3.3398280143737797,6.584848007694367e-06,179.64996922528672,0.0055663800239563,1.0974746679490612e-08
tfidf,2048,chinese,3,GaussianNB,0.7207195767195768,0.7149275537205881,0.7141587301587301,0.7084422418445463,9.367009401321411,,,600,3.668900728225708,7.204114387432735e-06,163.53672242589184,0.006114834547042846,1.200685731238789e-08
tfidf,2048,chinese,3,linear,0.745459072517896,0.7466530409760762,0.7417777777777778,0.7427960024850029,387.90157294273376,6147,16,600,3.287513017654419,6.482032032818706e-06,182.50878301558458,0.005479188362757365,1.080338672136451e-08
tfidf,2048,chinese,3,microffn,0.8107563025210084,0.8121495669844028,0.7684444444444445,0.7702533705669469,449.46689653396606,271107,32,600,3.3032002449035645,6.491828377608901e-06,181.64203061129186,0.005505333741505941,1.0819713962681502e-08
tfidf,2048,chinese,3,resmicro,0.8106816059757236,0.8116870089953906,0.7719047619047619,0.7730960560303028,547.4965860843658,543107,29,600,3.338136672973633,6.586359019433299e-06,179.74099288916062,0.005563561121622721,1.097726503238883e-08
tfidf,300,english,2,LightGBM,0.998968253968254,0.9989682539555164,0.9271904761904762,0.9271902739412372,35.86251974105835,,,600,5.568320274353027,1.0825861647923788e-05,107.75242271237943,0.009280533790588378,1.8043102746539646e-08
tfidf,300,english,2,LogisticRegression,0.9211428571428572,0.9211424896577196,0.9213333333333332,0.9213318884088346,75.53786182403564,,,600,5.291095018386841,1.030518741492106e-05,113.39807694153433,0.0088184916973114,1.7175312358201767e-08
tfidf,300,english,2,RandomForest,0.9041428571428572,0.9040330558467932,0.8918095238095238,0.8917120646677248,6.837650775909424,,,600,6.066288709640503,1.1534404040020374e-05,98.90726088365763,0.01011048118273417,1.922400673336729e-08
tfidf,300,english,2,XGBoost,0.9382698412698413,0.9382689528498,0.9224761904761904,0.9224749500753916,2.147016763687134,,,600,5.3715033531188965,1.036297284400463e-05,111.70057255044205,0.008952505588531494,1.7271621406674384e-08
tfidf,300,english,2,GaussianNB,0.8863650793650794,0.8863622743828821,0.8892380952380953,0.8892361502148464,2.872378349304199,,,600,5.305384635925293,1.0315875301582742e-05,113.09264853995947,0.008842307726542155,1.7193125502637905e-08
tfidf,300,english,2,linear,0.9119327731092436,0.9119255782620712,0.913047619047619,0.9130390878074712,32.85216856002808,602,19,600,5.312731742858887,1.0343714021690309e-05,112.93624994457711,0.008854552904764812,1.723952336948385e-08
tfidf,300,english,2,microffn,0.9299159663865546,0.9298954986818724,0.920952380952381,0.9209213491269718,87.53428888320923,40490,16,600,5.309629201889038,1.03387570742293e-05,113.00224124625021,0.008849382003148398,1.7231261790382167e-08
tfidf,300,english,2,resmicro,0.9745845004668534,0.9745840907690644,0.9234285714285714,0.9234248701236544,80.62099385261536,137474,16,600,5.29812479019165,1.0327408792418417e-05,113.24761566786275,0.008830207983652751,1.721234798736403e-08
tfidf,512,english,2,LightGBM,0.9993968253968254,0.9993968253913544,0.9445714285714286,0.9445714205273716,138.08925199508667,,,600,5.352262735366821,1.0454188248683348e-05,112.1021201061944,0.008920437892278036,1.7423647081138915e-08
tfidf,512,english,2,LogisticRegression,0.9447460317460318,0.9447457549736344,0.944095238095238,0.9440948116438692,152.30519104003906,,,600,5.25469708442688,1.0257234243572164e-05,114.18355622785455,0.0087578284740448,1.7095390405953607e-08
tfidf,512,english,2,RandomForest,0.9756190476190476,0.9756187610150954,0.9285714285714286,0.928569173236209,33.10985469818115,,,600,6.7234508991241455,1.2525391784142144e-05,89.2398872249013,0.011205751498540242,2.087565297357024e-08
tfidf,512,english,2,XGBoost,0.9392698412698413,0.9392542285811476,0.928047619047619,0.9280318348460276,2.425527572631836,,,600,5.369979619979858,1.0317640176068412e-05,111.73226761747942,0.008949966033299764,1.719606696011402e-08
tfidf,512,english,2,GaussianNB,0.9141111111111112,0.9141072754566916,0.9141428571428571,0.91413633676141,4.141092777252197,,,600,5.302355766296387,1.0274366351914784e-05,113.15725055904551,0.008837259610493978,1.7123943919857975e-08
tfidf,512,english,2,linear,0.9253034547152196,0.9252737314270842,0.9274285714285714,0.9273984139479832,42.823734521865845,1026,16,600,5.264768362045288,1.0236840673486392e-05,113.96512794855583,0.008774613936742146,1.706140112247732e-08
tfidf,512,english,2,microffn,0.9479178338001868,0.9479047391275004,0.9421428571428572,0.9421266892295688,41.5434958934784,25994,16,600,5.302423477172852,1.0301490617998603e-05,113.15580556381896,0.008837372461954752,1.7169151029997673e-08
tfidf,512,english,2,resmicro,0.9489635854341736,0.9489500177685336,0.9402857142857144,0.9402696865161532,181.488356590271,168418,33,600,5.773505449295044,1.1226260595851476e-05,103.9229988209782,0.009622509082158406,1.8710434326419128e-08
tfidf,768,english,2,LightGBM,0.9996666666666668,0.9996666666665824,0.952190476190476,0.952190226408802,86.39462876319885,,,600,5.310887098312378,1.0326484056827432e-05,112.9754763927593,0.008851478497187296,1.7210806761379052e-08
tfidf,768,english,2,LogisticRegression,0.9474761904761904,0.9474756013003894,0.9485238095238095,0.9485230810261877,33.979007720947266,,,600,5.258609056472778,1.0224834679692244e-05,114.09861306602836,0.00876434842745463,1.7041391132820407e-08
tfidf,768,english,2,RandomForest,0.9147460317460318,0.9146933900020476,0.9048095238095238,0.9047632294529128,2.230730056762696,,,600,5.684369087219238,1.0940980462937984e-05,105.55261116823726,0.009473948478698731,1.8234967438229975e-08
tfidf,768,english,2,XGBoost,0.986984126984127,0.9869840531975804,0.9446190476190476,0.944617663060624,1.7198197841644287,,,600,5.337570667266846,1.0297448903483814e-05,112.41068969438783,0.00889595111211141,1.716241483913969e-08
tfidf,768,english,2,GaussianNB,0.9224285714285714,0.9224266566432664,0.923,0.9229960186671692,2.866021156311035,,,600,5.261173248291016,1.021654825783641e-05,114.04300365795741,0.008768622080485027,1.702758042972735e-08
tfidf,768,english,2,linear,0.947376283846872,0.9473753630449884,0.9473333333333334,0.9473321863453914,67.25909447669983,1538,22,600,5.301544427871704,1.0293832097450894e-05,113.1745679326258,0.008835907379786173,1.7156386829084824e-08
tfidf,768,english,2,microffn,0.9721195144724556,0.972118645237268,0.9515714285714286,0.9515683657373064,89.2999153137207,78866,20,600,5.3381123542785645,1.038313268412749e-05,112.39928277625937,0.008896853923797608,1.7305221140212483e-08
tfidf,768,english,2,resmicro,0.9770121381886088,0.9770119092297972,0.9511428571428572,0.9511419194222356,143.382892370224,350882,24,600,5.363025426864624,1.0440142009305951e-05,111.87714997480012,0.00893837571144104,1.7400236682176585e-08
tfidf,1024,english,2,LightGBM,0.999936507936508,0.999936507936444,0.9558571428571428,0.9558567455678528,82.58314657211304,,,600,5.401772975921631,1.04860717501084e-05,111.07464209889905,0.009002954959869384,1.7476786250180667e-08
tfidf,1024,english,2,LogisticRegression,0.9526984126984128,0.9526979359832298,0.953095238095238,0.9530943956025114,17.578552722930908,,,600,5.2681884765625,1.021186371057212e-05,113.89114164561948,0.008780314127604166,1.701977285095353e-08
tfidf,1024,english,2,RandomForest,0.918063492063492,0.9180082008761936,0.9084285714285716,0.9083760052260912,1.9316389560699463,,,600,5.719187259674072,1.099699594283504e-05,104.91001129314186,0.009531978766123455,1.8328326571391732e-08
tfidf,1024,english,2,XGBoost,0.987095238095238,0.9870951517085124,0.9512857142857144,0.9512847995225052,1.6726031303405762,,,600,5.321020841598511,1.0333067739661535e-05,112.76031758968857,0.008868368069330852,1.7221779566102558e-08
tfidf,1024,english,2,GaussianNB,0.9297301587301589,0.9297301417159652,0.9277619047619048,0.9277619045980996,3.235596179962158,,,600,5.307186365127564,1.0325456003133132e-05,113.05425487645907,0.008845310608545941,1.720909333855522e-08
tfidf,1024,english,2,linear,0.9405415499533146,0.940534953643894,0.9405714285714286,0.9405637943210102,307.69534277915955,2050,44,600,5.31508207321167,1.034317924270365e-05,112.88630951232827,0.00885847012201945,1.7238632071172752e-08
tfidf,1024,english,2,microffn,0.9554435107376285,0.9554385676489732,0.947904761904762,0.9478992498580532,80.96483707427979,50570,16,600,5.369937419891357,1.0474182269440757e-05,111.73314567456151,0.00894989569981893,1.7456970449067926e-08
tfidf,1024,english,2,resmicro,0.9623716153127918,0.9623461356993068,0.9444285714285714,0.9443704137867182,365.62690901756287,401986,25,600,5.417294263839722,1.0591105345407084e-05,110.75639807956938,0.009028823773066203,1.765184224234514e-08
tfidf,2048,english,2,LightGBM,0.999904761904762,0.999904761904762,0.9603809523809524,0.9603809164452756,246.00845980644223,,,600,5.45904278755188,1.0640138233175466e-05,109.90937850279634,0.0090984046459198,1.7733563721959108e-08
tfidf,2048,english,2,LogisticRegression,0.9723174603174604,0.972317408732566,0.960904761904762,0.9609045490517512,5.283841133117676,,,600,5.315668344497681,1.037148970410532e-05,112.87385914906976,0.008859447240829467,1.7285816173508867e-08
tfidf,2048,english,2,RandomForest,0.9796031746031746,0.9796031112849418,0.9406666666666668,0.9406653212090976,16.055561780929565,,,600,6.60519552230835,1.237953320642526e-05,90.83758353156442,0.011008659203847249,2.0632555344042103e-08
tfidf,2048,english,2,XGBoost,0.9433809523809524,0.9433690587560942,0.932904761904762,0.932894867321423,2.7369658946990967,,,600,5.391236543655396,1.0335240064700444e-05,111.29172224989865,0.00898539423942566,1.7225400107834073e-08
tfidf,2048,english,2,GaussianNB,0.942904761904762,0.9429042695637756,0.940952380952381,0.94095179770075,7.782131910324097,,,600,5.257988691329956,1.020669795714268e-05,114.11207502012256,0.008763314485549926,1.7011163261904468e-08
tfidf,2048,english,2,linear,0.9688888888888888,0.9688882743362832,0.9632857142857144,0.9632844547177222,270.69977831840515,4098,17,600,5.289134979248047,1.0275733836383775e-05,113.44009981860997,0.00881522496541341,1.7126223060639627e-08
tfidf,2048,english,2,microffn,0.947376283846872,0.9473708923962908,0.9452857142857144,0.9452794325879246,154.6436846256256,167482,16,600,5.348384380340576,1.0400705971982744e-05,112.18341041557544,0.008913973967234293,1.733450995330457e-08
tfidf,2048,english,2,resmicro,0.999234360410831,0.999234360410564,0.9584761904761904,0.9584761166559532,110.42633986473083,672226,16,600,5.387269020080566,1.0505533740425113e-05,111.37368447047164,0.008978781700134277,1.750922290070852e-08
tfidf,300,english,3,LightGBM,0.8154814814814815,0.8154294382470717,0.7794603174603174,0.7793038316178797,41.54332947731018,,,600,5.508717060089111,1.0690541569145157e-05,108.91828232512165,0.00918119510014852,1.7817569281908595e-08
tfidf,300,english,3,LogisticRegression,0.7829417989417989,0.7828040178624025,0.7817777777777778,0.7814022044791584,14.733636617660522,,,600,5.4169228076934814,1.0502059093415737e-05,110.76399300869477,0.009028204679489137,1.7503431822359562e-08
tfidf,300,english,3,RandomForest,0.7657989417989418,0.7644576656642726,0.7323809523809524,0.7303285275517202,5.885114192962647,,,600,6.283832788467407,1.1785888161484538e-05,95.48312633352816,0.01047305464744568,1.9643146935807565e-08
tfidf,300,english,3,XGBoost,0.7982222222222223,0.7979678425989764,0.7693015873015873,0.7690071749186036,5.002112627029419,,,600,5.6332316398620605,1.086130392716481e-05,106.51079848275013,0.009388719399770101,1.8102173211941353e-08
tfidf,300,english,3,GaussianNB,0.7322751322751323,0.7316804404143672,0.732031746031746,0.7312367975625204,1.2641661167144775,,,600,5.475089550018311,1.0614308001987296e-05,109.58724866847032,0.00912514925003052,1.7690513336645496e-08
tfidf,300,english,3,linear,0.7697478991596639,0.7701813855942691,0.7698095238095238,0.7699886539315568,86.78788471221924,903,37,600,5.882850408554077,1.1356307909131053e-05,101.99137464511385,0.009804750680923463,1.8927179848551756e-08
tfidf,300,english,3,microffn,0.8096358543417367,0.8099570304197626,0.7876825396825397,0.7878957484692475,135.81998491287231,47363,22,600,5.521963357925415,1.0705029748982074e-05,108.6570049652445,0.009203272263209024,1.7841716248303457e-08
tfidf,300,english,3,resmicro,0.7766822284469344,0.7746470526370715,0.7667936507936508,0.7644923533234912,133.0827260017395,118479,16,600,5.456498146057129,1.05878353650118e-05,109.96063481365985,0.009094163576761882,1.7646392275019667e-08
tfidf,512,english,3,LightGBM,0.8293650793650794,0.8293694287789163,0.7967619047619048,0.7965172699391125,131.2050347328186,,,600,5.553579092025757,1.0813014291437008e-05,108.03843612518723,0.009255965153376261,1.8021690485728345e-08
tfidf,512,english,3,LogisticRegression,0.80594708994709,0.8057938141899962,0.7996825396825397,0.7991485746068564,14.355552911758425,,,600,5.418449401855469,1.0527256259461114e-05,110.73278635665376,0.009030749003092448,1.754542709910186e-08
tfidf,512,english,3,RandomForest,0.768994708994709,0.7673752094301117,0.7423492063492063,0.7399995814453497,6.500847816467285,,,600,5.965276956558228,1.140859217941761e-05,100.58208602374441,0.009942128260930381,1.9014320299029352e-08
tfidf,512,english,3,XGBoost,0.8076719576719577,0.80753163672201,0.7802857142857142,0.7799220160352083,9.80921983718872,,,600,5.5989861488342285,1.0858773035307726e-05,107.16225831795042,0.00933164358139038,1.809795505884621e-08
tfidf,512,english,3,GaussianNB,0.755026455026455,0.753951018223413,0.752984126984127,0.7515039724121642,8.77016830444336,,,600,5.457788705825806,1.0572117222615058e-05,109.93463329929614,0.009096314509709677,1.7620195371025095e-08
tfidf,512,english,3,linear,0.7754621848739496,0.7754644863616168,0.7731111111111111,0.7729132121202281,98.97899079322816,1539,20,600,5.451190948486328,1.0590987067627753e-05,110.06769083490029,0.009085318247477214,1.765164511271292e-08
tfidf,512,english,3,microffn,0.8125614690320573,0.8127648431576554,0.7968571428571428,0.796818534959824,194.23371767997745,44643,16,600,5.558046817779541,1.0796387181852615e-05,107.95159157002244,0.009263411362965901,1.7993978636421026e-08
tfidf,512,english,3,resmicro,0.8099346405228758,0.8079334824714073,0.7945396825396825,0.7919131031505702,167.44171166419983,201795,19,600,5.561644077301025,1.0798294433653356e-05,107.88176871094745,0.009269406795501709,1.799715738942226e-08
tfidf,768,english,3,LightGBM,0.9910687830687832,0.9910622899191852,0.8152380952380952,0.815085563080918,457.5422329902649,,,600,5.696460962295532,1.1080034550980702e-05,105.32855468884226,0.009494101603825886,1.8466724251634504e-08
tfidf,768,english,3,LogisticRegression,0.8225079365079365,0.8224602296742917,0.814952380952381,0.8145494733819306,90.15635752677916,,,600,5.445464849472046,1.0590628328568796e-05,110.18343090731213,0.009075774749120077,1.765104721428133e-08
tfidf,768,english,3,RandomForest,0.9403703703703704,0.940285131853384,0.7873968253968254,0.7870703648330788,57.346059799194336,,,600,7.042536735534668,1.3295663198015906e-05,85.19657369660112,0.011737561225891114,2.2159438663359842e-08
tfidf,768,english,3,XGBoost,0.7953439153439154,0.7949250392661228,0.7846349206349207,0.7840622773066037,2.556309938430786,,,600,5.493423700332642,1.0644974529205583e-05,109.22150424400513,0.00915570616722107,1.774162421534264e-08
tfidf,768,english,3,GaussianNB,0.772973544973545,0.7724761714640123,0.7698095238095238,0.7690942310864562,3.8542346954345694,,,600,5.430591821670532,1.0565487918651106e-05,110.48519566610162,0.009050986369450887,1.7609146531085177e-08
tfidf,768,english,3,linear,0.8194086523498288,0.8189347926417119,0.8133015873015873,0.8124727658740679,302.0961971282959,2307,24,600,5.445403575897217,1.0563964300997118e-05,110.1846707295961,0.00907567262649536,1.760660716832853e-08
tfidf,768,english,3,microffn,0.810619358854653,0.8103532574671451,0.7994285714285714,0.7988894233722339,119.02095413208008,38307,17,600,5.513153553009033,1.0691584215738156e-05,108.8306346324283,0.009188589255015055,1.781930702623026e-08
tfidf,768,english,3,resmicro,0.8864488017429194,0.8863823251414843,0.8153015873015873,0.8150545899704392,337.54426288604736,351651,29,600,5.566295385360718,1.0840181856086625e-05,107.79162054137335,0.009277158975601196,1.8066969760144376e-08
tfidf,1024,english,3,LightGBM,0.9922433862433864,0.9922382568026576,0.8227619047619048,0.8226459863345531,219.9033246040344,,,600,5.81129002571106,1.1323794846653692e-05,103.24729919611696,0.009685483376185099,1.8872991411089488e-08
tfidf,1024,english,3,LogisticRegression,0.828952380952381,0.828910279553546,0.8213333333333334,0.8209375782814133,18.88031816482544,,,600,5.394775867462158,1.0515257353040908e-05,111.21870764248366,0.00899129311243693,1.7525428921734848e-08
tfidf,1024,english,3,RandomForest,0.7661058201058201,0.7644588701937094,0.7464126984126984,0.7439982177666773,5.026739120483398,,,600,6.4883575439453125,1.2139116190875018e-05,92.47332563537549,0.010813929239908855,2.023186031812503e-08
tfidf,1024,english,3,XGBoost,0.7982433862433862,0.7978694892791771,0.787079365079365,0.7864558238228306,4.128688097000122,,,600,5.566490411758423,1.0738806694786774e-05,107.78784397662574,0.009277484019597371,1.7898011157977957e-08
tfidf,1024,english,3,GaussianNB,0.7791746031746032,0.7787912288514292,0.7771111111111111,0.7765719448180501,13.147269248962402,,,600,5.481205224990845,1.063094083335275e-05,109.4649762910496,0.009135342041651407,1.7718234722254584e-08
tfidf,1024,english,3,linear,0.802390289449113,0.8032232529812239,0.7989206349206349,0.7994357647124698,253.65066242218015,3075,16,600,5.512660503387451,1.0696753229604047e-05,108.84036839041849,0.009187767505645752,1.782792204934008e-08
tfidf,1024,english,3,microffn,0.8302769996887644,0.8309951691855562,0.8127619047619048,0.813346777196679,283.5190348625183,85603,18,600,5.548112630844116,1.0802400536142354e-05,108.1448845620701,0.009246854384740193,1.800400089357059e-08
tfidf,1024,english,3,resmicro,0.8992094615624028,0.8992666060580099,0.8168888888888889,0.8166837631212199,389.8884701728821,665539,16,600,5.567915916442871,1.0851576638369478e-05,107.76024800017402,0.00927985986073812,1.808596106394913e-08
tfidf,2048,english,3,LightGBM,0.9925714285714284,0.9925676367073272,0.8316190476190476,0.8315160041986422,419.9688355922699,,,600,5.82661771774292,1.1344041050834422e-05,102.97569345812933,0.009711029529571534,1.8906735084724037e-08
tfidf,2048,english,3,LogisticRegression,0.7614391534391535,0.7602176573733044,0.7633015873015873,0.7618478597858029,30.879366159439087,,,600,5.894075393676758,1.1414591433236097e-05,101.79713694257931,0.009823458989461263,1.9024319055393494e-08
tfidf,2048,english,3,RandomForest,0.7888253968253969,0.7874468781514242,0.7590476190476191,0.7569982713720587,3.42887282371521,,,600,6.338345527648926,1.1895469079929109e-05,94.6619267414027,0.01056390921274821,1.9825781799881847e-08
tfidf,2048,english,3,XGBoost,0.8176613756613756,0.8173358158543717,0.7913968253968254,0.7908038623002415,6.948998928070068,,,600,5.577521324157715,1.0756482270359991e-05,107.57466715568471,0.00929586887359619,1.7927470450599985e-08
tfidf,2048,english,3,GaussianNB,0.7952910052910053,0.7948522405911318,0.790984126984127,0.790252103367256,10.455439567565918,,,600,5.506310939788818,1.0674775513909222e-05,108.96587689307128,0.009177184899648031,1.7791292523182037e-08
tfidf,2048,english,3,linear,0.80651104886399,0.8078204768380459,0.8054603174603174,0.8064777666557011,872.7728245258331,6147,22,600,5.482173681259155,1.0630460292235958e-05,109.44563869822362,0.009136956135431926,1.7717433820393263e-08
tfidf,2048,english,3,microffn,0.9096420790538438,0.9093798573558776,0.8326984126984127,0.8320781553452254,348.63058590888977,271107,22,600,5.50634241104126,1.070773662145361e-05,108.96525410350186,0.009177237351735434,1.7846227702422684e-08
tfidf,2048,english,3,resmicro,0.95041394335512,0.9502528016692726,0.8236507936507936,0.8226451492304195,355.05991315841675,1067779,16,600,5.598673582077026,1.0889689284138954e-05,107.16824104923236,0.009331122636795045,1.814948214023159e-08
tfidf,300,japanese,2,LightGBM,0.9982698412698412,0.9982698410776014,0.908047619047619,0.9080475938180472,33.51181483268738,,,600,0.2777025699615478,5.494653905100293e-07,2160.584974359723,0.00046283761660257966,9.157756508500487e-10
tfidf,300,japanese,2,LogisticRegression,0.90084126984127,0.9008395417410588,0.9022857142857142,0.902282628987134,40.65737557411194,,,600,0.1730108261108398,3.423211428854201e-07,3467.9910701981657,0.00028835137685139965,5.705352381423668e-10
tfidf,300,japanese,2,RandomForest,0.8978095238095238,0.8978087262592855,0.8644761904761905,0.8644741240907267,5.791640043258667,,,600,0.9194836616516112,1.7126979524062742e-06,652.5401429344132,0.001532472769419352,2.8544965873437902e-09
tfidf,300,japanese,2,XGBoost,0.9162380952380952,0.9162364050031344,0.8983333333333333,0.8983311641676275,1.4974358081817627,,,600,0.2522580623626709,4.449201574921608e-07,2378.516644345667,0.0004204301039377848,7.41533595820268e-10
tfidf,300,japanese,2,GaussianNB,0.8664126984126984,0.8664101714814901,0.8672857142857143,0.8672823963456228,0.985130786895752,,,600,0.1868364810943603,3.422221545378368e-07,3211.3642715042074,0.00031139413515726715,5.703702575630613e-10
tfidf,300,japanese,2,linear,0.8876190476190476,0.8876093275353422,0.890095238095238,0.8900848656956254,236.69594478607175,602,66,600,0.2348513603210449,4.4077033778031677e-07,2554.807428748942,0.00039141893386840815,7.346172296338613e-10
tfidf,300,japanese,2,microffn,0.9276190476190476,0.9276188431669417,0.910904761904762,0.9109047600864918,71.52843308448792,40490,21,600,0.2670416831970215,5.147599334849252e-07,2246.840241631207,0.0004450694719950358,8.579332224748752e-10
tfidf,300,japanese,2,resmicro,0.9170868347338936,0.9170671028758978,0.9047619047619048,0.9047400610746852,97.76643657684326,195362,21,600,0.3321466445922851,6.383673983150058e-07,1806.431014037516,0.0005535777409871418,1.0639456638583432e-09
tfidf,512,japanese,2,LightGBM,0.999984126984127,0.999984126984123,0.9262380952380952,0.9262375129995072,51.81379270553589,,,600,0.2966644763946533,5.718619816501935e-07,2022.4868420100925,0.0004944407939910889,9.531033027503226e-10
tfidf,512,japanese,2,LogisticRegression,0.9199206349206348,0.9199195206741066,0.9204761904761904,0.920474087096943,15.950659990310667,,,600,0.1857962608337402,3.633865201473237e-07,3229.343783925286,0.0003096604347229003,6.056442002455396e-10
tfidf,512,japanese,2,RandomForest,0.8967936507936508,0.8967816961948182,0.8732380952380953,0.8732186611825306,2.809741258621216,,,600,0.6749269962310791,1.2590513141729215e-06,888.9850359379818,0.0011248783270517986,2.098418856954869e-09
tfidf,512,japanese,2,XGBoost,0.9343809523809524,0.9343801228160852,0.917095238095238,0.9170932436331558,1.6371989250183103,,,600,0.228290319442749,4.0521531701087953e-07,2628.2323379483855,0.000380483865737915,6.753588616847992e-10
tfidf,512,japanese,2,GaussianNB,0.8919047619047619,0.8918795516703996,0.8895714285714286,0.8895339129356156,1.4399805068969729,,,600,0.2041926383972168,3.832015180587769e-07,2938.401720598847,0.00034032106399536135,6.386691967646281e-10
tfidf,512,japanese,2,linear,0.9050046685340803,0.905002235585017,0.9066190476190475,0.9066168011284425,56.247509241104126,1026,24,600,0.2393198013305664,4.532118737697601e-07,2507.105541054813,0.000398866335550944,7.553531229496002e-10
tfidf,512,japanese,2,microffn,0.9543977591036414,0.9543975736153456,0.924,0.9239998648886488,103.55117845535278,35170,28,600,0.2994401454925537,5.721386224362585e-07,2003.7393416739453,0.0004990669091542562,9.535643707270975e-10
tfidf,512,japanese,2,resmicro,0.942091503267974,0.942091462375002,0.9214761904761904,0.9214755279148286,72.06219267845154,332738,24,600,0.3561379909515381,6.75112323032485e-07,1684.740227788969,0.0005935633182525635,1.1251872050541416e-09
tfidf,768,japanese,2,LightGBM,0.999904761904762,0.999904761904666,0.9343809523809524,0.9343808184642554,58.43819618225098,,,600,0.2920677661895752,5.696132740047244e-07,2054.3177627159043,0.00048677961031595864,9.493554566745407e-10
tfidf,768,japanese,2,LogisticRegression,0.930063492063492,0.93006203050266,0.9292857142857144,0.9292837385599608,3.483354330062866,,,600,0.1783158779144287,3.487561378876369e-07,3364.8153323055817,0.0002971931298573812,5.812602298127282e-10
tfidf,768,japanese,2,RandomForest,0.8954603174603175,0.8954526364295246,0.8758571428571429,0.875840790723279,2.5788135528564453,,,600,0.6315267086029053,1.192322425842285e-06,950.0785823094478,0.0010525445143381754,1.987204043070475e-09
tfidf,768,japanese,2,XGBoost,0.9266984126984128,0.9266974186348856,0.9127619047619048,0.9127592428307744,2.310497760772705,,,600,0.2256560325622558,4.184038937091828e-07,2658.9140701765514,0.00037609338760375967,6.97339822848638e-10
tfidf,768,japanese,2,GaussianNB,0.9035079365079364,0.903490409622259,0.8996666666666666,0.899652784391662,2.1861751079559326,,,600,0.1896049976348877,3.579847691456477e-07,3164.4735501929554,0.0003160083293914795,5.966412819094129e-10
tfidf,768,japanese,2,linear,0.9318954248366011,0.9318916814712028,0.9305238095238096,0.9305197256276824,383.7942242622376,1538,91,600,0.2400617599487304,4.546169579029083e-07,2499.35683270897,0.00040010293324788403,7.576949298381806e-10
tfidf,768,japanese,2,microffn,0.9396451914098972,0.939644917880129,0.9287619047619048,0.9287619047619048,68.68601107597351,92906,17,600,0.2668287754058838,5.158689657847087e-07,2248.6330384993757,0.000444714625676473,8.597816096411811e-10
tfidf,768,japanese,2,resmicro,0.9515966386554622,0.95159466429476,0.932,0.9319948920607816,99.492201089859,203138,21,600,0.374943733215332,7.149968690342373e-07,1600.2401076414767,0.0006249062220255533,1.1916614483903955e-09
tfidf,1024,japanese,2,LightGBM,0.999968253968254,0.999968253968222,0.938952380952381,0.9389523787375014,73.41651892662048,,,600,0.2979655265808105,5.760666847229004e-07,2013.6557637558635,0.0004966092109680175,9.60111141204834e-10
tfidf,1024,japanese,2,LogisticRegression,0.9370793650793652,0.9370782768458644,0.9346666666666666,0.9346646731243572,3.287890911102295,,,600,0.1785938739776611,3.473154754771127e-07,3359.5777203144676,0.00029765645662943515,5.788591257951879e-10
tfidf,1024,japanese,2,RandomForest,0.8997301587301587,0.8997173859996694,0.8802857142857143,0.8802695504035212,2.1222479343414307,,,600,0.6717748641967773,1.269623392643752e-06,893.1563712456009,0.0011196247736612957,2.1160389877395866e-09
tfidf,1024,japanese,2,XGBoost,0.9281587301587302,0.9281575252903788,0.9145714285714286,0.9145702499895711,2.770081758499145,,,600,0.2419536113739013,4.3632301251093546e-07,2479.8141949317474,0.00040325601895650217,7.272050208515591e-10
tfidf,1024,japanese,2,GaussianNB,0.9114444444444444,0.9114384803426484,0.9068095238095238,0.9068068254339092,2.881699323654175,,,600,0.2028348445892334,3.80653391679128e-07,2958.0716331805666,0.000338058074315389,6.344223194652133e-10
tfidf,1024,japanese,2,linear,0.9305695611577964,0.930567382007925,0.9295238095238096,0.9295205869685164,66.40481376647949,2050,21,600,0.2410321235656738,4.605052627457513e-07,2489.294750940194,0.0004017202059427897,7.675087712429189e-10
tfidf,1024,japanese,2,microffn,0.9395144724556488,0.9395120768820152,0.928904761904762,0.9289025549820298,79.65136671066284,67938,18,600,0.2823784351348877,5.459316412607829e-07,2124.8081487291674,0.0004706307252248128,9.098860687679715e-10
tfidf,1024,japanese,2,resmicro,0.9434173669467788,0.9434154214145404,0.933952380952381,0.9339494032836432,104.073162317276,401986,18,600,0.3356459140777588,6.476412225431865e-07,1787.5981051299154,0.0005594098567962647,1.0794020375719776e-09
tfidf,2048,japanese,2,LightGBM,1.0,1.0,0.9485238095238095,0.9485237953999532,101.25423336029051,,,600,0.3498084545135498,6.854950121597008e-07,1715.224409982804,0.0005830140908559163,1.1424916869328347e-09
tfidf,2048,japanese,2,LogisticRegression,0.9483174603174604,0.948316334762084,0.9433333333333334,0.94333242665216,3.823621511459351,,,600,0.1934907436370849,3.762857489453422e-07,3100.923531129592,0.00032248457272847483,6.271429149089037e-10
tfidf,2048,japanese,2,RandomForest,0.978968253968254,0.978968186305057,0.9127619047619048,0.912758862993826,17.23620104789734,,,600,1.3171279430389404,2.4632426769921074e-06,455.5366114362826,0.002195213238398234,4.1054044616535125e-09
tfidf,2048,japanese,2,XGBoost,0.9473015873015872,0.9473009446625652,0.9327619047619048,0.9327614924877,1.5414798259735107,,,600,0.2539529800415039,4.507665395736694e-07,2362.6420918626004,0.00042325496673583984,7.512775659561157e-10
tfidf,2048,japanese,2,GaussianNB,0.9247460317460318,0.924744700225894,0.9186666666666666,0.9186666659289492,6.07201623916626,,,600,0.2264876365661621,4.199458261330922e-07,2649.1512256331334,0.00037747939427693685,6.999097102218203e-10
tfidf,2048,japanese,2,linear,0.9482352941176472,0.948233231752772,0.9444761904761904,0.9444746669919968,357.9061269760132,4098,25,600,0.2706575393676758,5.064303292168512e-07,2216.8235231937424,0.0004510958989461263,8.44050548694752e-10
tfidf,2048,japanese,2,microffn,0.9442763772175536,0.9442492148894776,0.9321904761904762,0.9321544371197776,123.05046033859252,99722,20,600,0.2974207401275635,5.867863352100054e-07,2017.3441830003535,0.0004957012335459391,9.77977225350009e-10
tfidf,2048,japanese,2,resmicro,0.992903828197946,0.9929038034518504,0.9423809523809524,0.942377351814754,107.31499338150024,1328066,16,600,0.3493921756744385,6.728387471923121e-07,1717.2679921689958,0.0005823202927907308,1.121397911987187e-09
tfidf,300,japanese,3,LightGBM,0.7727195767195767,0.7725297272030321,0.7261904761904762,0.7261487158545878,39.69711089134216,,,600,0.2722325325012207,5.339916745159361e-07,2203.9981573374575,0.0004537208875020345,8.899861241932268e-10
tfidf,300,japanese,3,LogisticRegression,0.7338306878306878,0.7332260721734661,0.7267619047619047,0.7261692618888499,63.27500677108765,,,600,0.1740472316741943,3.404073772827785e-07,3447.3400939990993,0.0002900787194569905,5.673456288046308e-10
tfidf,300,japanese,3,RandomForest,0.7677989417989418,0.7665877515152769,0.6807619047619048,0.6787277450164088,10.1657452583313,,,600,1.0292086601257324,1.8940933573246003e-06,582.9721641933148,0.0017153477668762206,3.1568222622076673e-09
tfidf,300,japanese,3,XGBoost,0.8460529100529101,0.8457628055883001,0.7341269841269841,0.7339578262733438,9.768794298171995,,,600,0.3545987606048584,6.30758962035179e-07,1692.0532913779714,0.0005909979343414306,1.0512649367252985e-09
tfidf,300,japanese,3,GaussianNB,0.6775238095238095,0.6747800972463824,0.675936507936508,0.6736501725974143,1.0329959392547607,,,600,0.1826570034027099,3.4278630971908573e-07,3284.845304711149,0.0003044283390045165,5.713105161984762e-10
tfidf,300,japanese,3,linear,0.7244444444444444,0.7217359393049135,0.7202857142857143,0.7178516411400795,74.66509199142456,903,16,600,0.2251665592193603,4.2769136998388507e-07,2664.6940916989006,0.00037527759869893383,7.128189499731418e-10
tfidf,300,japanese,3,microffn,0.7599377528789294,0.7585628496251935,0.7336507936507937,0.7325151912094253,135.28094124794006,21635,21,600,0.2757465839385986,5.331100622812907e-07,2175.910908595713,0.0004595776398976643,8.885167704688179e-10
tfidf,300,japanese,3,resmicro,0.7421350762527233,0.7412353765570083,0.7267619047619047,0.7259295432467743,148.80847144126892,195663,19,600,0.3355941772460937,6.411713197496203e-07,1787.8736899538503,0.0005593236287434895,1.0686188662493672e-09
tfidf,512,japanese,3,LightGBM,0.7871534391534392,0.7870811320367767,0.7456825396825397,0.7457108432630468,61.774924993515015,,,600,0.2976081371307373,5.804185363319185e-07,2016.0739077386984,0.0004960135618845622,9.673642272198642e-10
tfidf,512,japanese,3,LogisticRegression,0.7567513227513227,0.7563924899987041,0.7498412698412699,0.7495738698783024,36.21609854698181,,,600,0.1830143928527832,3.559121567673154e-07,3278.4306777589895,0.000305023988087972,5.931869279455257e-10
tfidf,512,japanese,3,RandomForest,0.7521693121693122,0.7507779174566059,0.6867301587301587,0.6845570670004333,4.359517335891724,,,600,0.6871333122253418,1.2921605559852387e-06,873.1930024711611,0.0011452221870422363,2.1536009266420643e-09
tfidf,512,japanese,3,XGBoost,0.7436613756613757,0.7432744001977595,0.729047619047619,0.7287672800848676,5.206399202346802,,,600,0.2831153869628906,5.121635993321736e-07,2119.27725453737,0.00047185897827148435,8.536059988869561e-10
tfidf,512,japanese,3,GaussianNB,0.7015132275132275,0.698639496368188,0.7012380952380952,0.6985888110179792,2.691694498062134,,,600,0.18792724609375,3.505887179904514e-07,3192.7249106852873,0.0003132120768229167,5.843145299840857e-10
tfidf,512,japanese,3,linear,0.7544351073762838,0.7544866754715993,0.7487619047619047,0.7488608638473543,110.34515881538393,1539,24,600,0.234858751296997,4.434263701571359e-07,2554.7270292740923,0.00039143125216166164,7.390439502618931e-10
tfidf,512,japanese,3,microffn,0.7699346405228759,0.7704913943991604,0.7449523809523809,0.7455843680488716,186.5602731704712,44643,16,600,0.2898590564727783,5.587435895535681e-07,2069.9715485907136,0.00048309842745463056,9.312393159226135e-10
tfidf,512,japanese,3,resmicro,0.810046685340803,0.8076966729200369,0.7550476190476191,0.7522571355333579,146.57114052772522,300387,31,600,0.3542459011077881,6.848754088083903e-07,1693.7387225192908,0.0005904098351796468,1.1414590146806505e-09
tfidf,768,japanese,3,LightGBM,0.968095238095238,0.9680500729302116,0.7642222222222222,0.7643844384697682,220.0987660884857,,,600,0.4777374267578125,9.20872066285875e-07,1255.9200229965825,0.0007962290445963541,1.5347867771431251e-09
tfidf,768,japanese,3,LogisticRegression,0.771957671957672,0.7716695827763542,0.7627936507936508,0.7625480302799313,14.854339838027954,,,600,0.1893110275268554,3.724168602625529e-07,3169.3874775196855,0.0003155183792114257,6.206947671042548e-10
tfidf,768,japanese,3,RandomForest,0.9577460317460318,0.9576870272746976,0.7234285714285714,0.7232414499825075,58.18846678733826,,,600,1.9417691230773928,3.687803124056922e-06,308.9965706371395,0.0032362818717956545,6.14633854009487e-09
tfidf,768,japanese,3,XGBoost,0.7500529100529101,0.7498509181930536,0.7356825396825397,0.7356507491795198,2.9568259716033936,,,600,0.2901761531829834,5.019644427630637e-07,2067.7095392523297,0.000483626921971639,8.366074046051061e-10
tfidf,768,japanese,3,GaussianNB,0.7156825396825397,0.713214510397147,0.7119047619047619,0.7096775652453481,4.469348669052124,,,600,0.2148423194885254,4.03187419573466e-07,2792.7458678924086,0.00035807053248087563,6.719790326224433e-10
tfidf,768,japanese,3,linear,0.7619919078742609,0.761375021033274,0.7548888888888889,0.7543176061073034,71.20297646522522,2307,16,600,0.2390058040618896,4.620778878529866e-07,2510.39928655721,0.000398343006769816,7.701298130883111e-10
tfidf,768,japanese,3,microffn,0.7757236227824463,0.7730891496246318,0.7535238095238095,0.750809464753064,124.53702926635742,51587,19,600,0.2785854339599609,5.464530671967401e-07,2153.7378730513014,0.0004643090565999348,9.107551119945669e-10
tfidf,768,japanese,3,resmicro,0.8220230314347962,0.8213107158402395,0.7653650793650794,0.7648101012272818,353.67720079422,351651,17,600,0.3484511375427246,6.881264686584472e-07,1721.9057002688999,0.000580751895904541,1.1468774477640788e-09
tfidf,1024,japanese,3,LightGBM,0.988899470899471,0.9888890608907182,0.7681587301587302,0.7684220237012931,220.3063464164734,,,600,0.5161013603210449,1.0065768544872605e-06,1162.5623300561836,0.0008601689338684082,1.6776280908121008e-09
tfidf,1024,japanese,3,LogisticRegression,0.7809417989417989,0.7806507347028862,0.7697142857142857,0.769609657792849,62.82157349586487,,,600,0.1831943988800048,3.624704731172985e-07,3275.209305897007,0.0003053239981333413,6.041174551954975e-10
tfidf,1024,japanese,3,RandomForest,0.956042328042328,0.9559779112332912,0.7275555555555555,0.7274328857687076,57.02039885520935,,,600,1.9477753639221191,3.6750433193607095e-06,308.04373600445166,0.003246292273203532,6.125072198934516e-09
tfidf,1024,japanese,3,XGBoost,0.7784761904761904,0.7784130283611163,0.7434603174603175,0.743599226000198,7.060287952423096,,,600,0.3466074466705322,6.152603111222938e-07,1731.0649432478297,0.0005776790777842204,1.0254338518704895e-09
tfidf,1024,japanese,3,GaussianNB,0.7240529100529101,0.7216126675238721,0.7213650793650793,0.7190506844483472,4.563542366027832,,,600,0.21364426612854,4.106124103731579e-07,2808.4067542398134,0.00035607377688090004,6.843540172885965e-10
tfidf,1024,japanese,3,linear,0.7597261126672892,0.7600988415921771,0.7529206349206349,0.7534065586330512,266.69796228408813,3075,16,600,0.2515645027160644,4.863580385843913e-07,2385.074179870311,0.0004192741711934407,8.105967309739854e-10
tfidf,1024,japanese,3,microffn,0.7842639277933395,0.7854571580592409,0.7617777777777778,0.7633179729102029,207.5924141407013,121635,27,600,0.289536714553833,5.679343082838589e-07,2072.276052881864,0.00048256119092305504,9.465571804730982e-10
tfidf,1024,japanese,3,resmicro,0.7865795206971677,0.7866586353584725,0.7631428571428571,0.7633812123165934,138.92544507980347,665539,16,600,0.3413245677947998,6.740212090147865e-07,1757.8576422916992,0.0005688742796579997,1.123368681691311e-09
tfidf,2048,japanese,3,LightGBM,0.7983492063492064,0.7983368988292937,0.7564126984126984,0.7566222682957392,288.0783581733704,,,600,0.432208776473999,8.43767578072018e-07,1388.2179924592415,0.0007203479607899983,1.4062792967866968e-09
tfidf,2048,japanese,3,LogisticRegression,0.7093333333333334,0.708259969805041,0.7033968253968254,0.7024343012241012,33.058103799819946,,,600,0.198871374130249,3.934891105360455e-07,3017.025464947185,0.00033145229021708163,6.558151842267425e-10
tfidf,2048,japanese,3,RandomForest,0.7582433862433863,0.7562190879264667,0.7032063492063492,0.7002338419519673,4.89976954460144,,,600,0.9233033657073976,1.7054182584087054e-06,649.8405857540705,0.0015388389428456627,2.8423637640145092e-09
tfidf,2048,japanese,3,XGBoost,0.759005291005291,0.7588838670748688,0.7467619047619047,0.7467814439552418,4.048459053039551,,,600,0.2919209003448486,5.197813808917999e-07,2055.351293077046,0.00048653483390808094,8.663023014863331e-10
tfidf,2048,japanese,3,GaussianNB,0.7448148148148148,0.7429957913629002,0.7391111111111112,0.7372950143715815,10.74820613861084,,,600,0.2354001998901367,4.378116773234474e-07,2548.8508517835803,0.00039233366648356113,7.296861288724123e-10
tfidf,2048,japanese,3,linear,0.774453781512605,0.7744407044871147,0.7647936507936508,0.7649801822098855,205.0851652622223,6147,23,600,0.2680528163909912,5.075877914826076e-07,2238.364841967633,0.00044675469398498536,8.459796524710127e-10
tfidf,2048,japanese,3,microffn,0.8640149393090569,0.8624725680875591,0.7833015873015873,0.7807673375050518,531.0989525318146,236323,23,600,0.2974972724914551,5.785495568646325e-07,2016.8252131361426,0.0004958287874857585,9.642492614410542e-10
tfidf,2048,japanese,3,resmicro,0.8647245564892624,0.8645708152917698,0.7799047619047619,0.7800476979596468,282.6246249675751,1198947,20,600,0.4049892425537109,7.829792022705078e-07,1481.520833038982,0.0006749820709228514,1.304965337117513e-09
tfidf,300,turkish,2,LightGBM,0.9528029356652092,0.95248002304098,0.7598664949057267,0.7557774695248696,65.38894200325012,,,600,18.98902583122253,3.696897814870476e-05,31.59719752518613,0.03164837638537089,6.161496358117461e-08
tfidf,300,turkish,2,LogisticRegression,0.7599742348532167,0.7628852173299288,0.7528399109966039,0.7560609423465183,1.6553258895874023,,,600,18.902358293533325,3.683284392992395e-05,31.742071051804455,0.03150393048922221,6.138807321653992e-08
tfidf,300,turkish,2,RandomForest,0.7332916926920675,0.737874204038356,0.7098020845532264,0.7148165137053405,2.396216869354248,,,600,19.57326412200928,3.798642313750354e-05,30.65405934645955,0.03262210687001547,6.331070522917258e-08
tfidf,300,turkish,2,XGBoost,0.7895651155527795,0.7922360624740772,0.7487410703829488,0.7521523046200072,3.002682685852051,,,600,18.94762945175171,3.691005905065867e-05,31.66623041303618,0.03157938241958618,6.151676508443111e-08
tfidf,300,turkish,2,GaussianNB,0.7306175827607745,0.7346026216778873,0.7240894718351095,0.7283886482524126,0.5297789573669434,,,600,18.900380849838257,3.688602716573401e-05,31.745392051458825,0.03150063474973043,6.147671194289001e-08
tfidf,300,turkish,2,linear,0.773532045835534,0.7677408327577406,0.7654877620330249,0.7599158612692467,407.2606854438782,602,24,600,18.83796525001526,3.65617056533453e-05,31.850573670609887,0.03139660875002543,6.093617608890883e-08
tfidf,300,turkish,2,microffn,0.8247870117344478,0.8198636050716276,0.7640824452512004,0.7574676804969322,193.2076680660248,40490,20,600,18.972244024276733,3.697503243318062e-05,31.625146673859177,0.03162040670712789,6.162505405530104e-08
tfidf,300,turkish,2,resmicro,0.7729120260867568,0.7638015321737912,0.7619744700784635,0.7527315810399521,64.78949928283691,79586,17,600,19.078369140625,3.7130639402175234e-05,31.44922899737667,0.03179728190104167,6.188439900362539e-08
tfidf,512,turkish,2,LightGBM,0.8180629294191131,0.8137636809671733,0.7749150954444314,0.76976375584825,17.327588081359863,,,600,18.858046770095825,3.665768122594347e-05,31.81665669381258,0.03143007795015971,6.109613537657246e-08
tfidf,512,turkish,2,LogisticRegression,0.7777951280449719,0.780403241963276,0.7660733106921185,0.7689972434928897,4.3654701709747314,,,600,18.8740336894989,3.671393502149392e-05,31.789706952458545,0.0314567228158315,6.118989170248987e-08
tfidf,512,turkish,2,RandomForest,0.7140459088069956,0.7189864100838091,0.7075769996486708,0.7126205402540831,1.6339890956878662,,,600,19.837347507476807,3.824181994095925e-05,30.245979195245567,0.033062245845794674,6.373636656826542e-08
tfidf,512,turkish,2,XGBoost,0.8011399125546533,0.8036175121198027,0.7586953975875396,0.7619142424632601,3.755236864089966,,,600,18.854209423065186,3.665729371187901e-05,31.82313225321416,0.031423682371775306,6.109548951979834e-08
tfidf,512,turkish,2,GaussianNB,0.7400452841973766,0.7442840280074516,0.7312331654760511,0.7357167778098727,1.0510900020599363,,,600,18.858282804489136,3.677012959861299e-05,31.816258469576695,0.031430471340815225,6.128354933102165e-08
tfidf,512,turkish,2,linear,0.7754150687762648,0.7628105820320438,0.7662489752898466,0.7536685133435933,589.1254749298096,1026,31,600,19.29141068458557,3.742675782648898e-05,31.101924572028235,0.03215235114097595,6.237792971081496e-08
tfidf,512,turkish,2,microffn,0.8672468826784853,0.8650822859853952,0.776320412226256,0.7724091692330263,173.5398530960083,54290,26,600,18.909847736358643,3.686835682098401e-05,31.729499272823784,0.03151641289393107,6.144726136830668e-08
tfidf,512,turkish,2,resmicro,0.8552139068133281,0.8524790187534352,0.774680875980794,0.7702754709229612,139.09449887275696,267010,16,600,18.84342861175537,3.677493819008215e-05,31.841339087606023,0.03140571435292562,6.129156365013692e-08
tfidf,768,turkish,2,LightGBM,0.9634408182386008,0.9632575305725432,0.7826443377444665,0.7794594626030151,55.20255947113037,,,600,18.98069405555725,3.685749843249012e-05,31.61106744799616,0.03163449009259542,6.142916405415021e-08
tfidf,768,turkish,2,LogisticRegression,0.7370003123048094,0.7409223096655021,0.7260217824101183,0.7301634403642843,1.5399532318115234,,,600,18.78383493423462,3.6483063490519465e-05,31.94235906036767,0.0313063915570577,6.080510581753244e-08
tfidf,768,turkish,2,RandomForest,0.7275726108682073,0.7321670167361886,0.7213959480032791,0.7261640285609549,2.2849152088165283,,,600,19.577396869659424,3.794551117543149e-05,30.64758833846115,0.03262899478276571,6.324251862571915e-08
tfidf,768,turkish,2,XGBoost,0.8060587133041849,0.8084489429675515,0.7675957372057618,0.7706281030602591,1.7489097118377686,,,600,18.916425943374637,3.678565018374779e-05,31.718465306082113,0.031527376572291065,6.130941697291299e-08
tfidf,768,turkish,2,GaussianNB,0.7530840099937539,0.7569466420861992,0.7414802670101885,0.7456184105218312,2.44783091545105,,,600,18.75631022453308,3.6542863557264586e-05,31.989234173318668,0.03126051704088847,6.090477259544098e-08
tfidf,768,turkish,2,linear,0.7987691459802053,0.7923868029228182,0.7864504040285748,0.7800228706130296,337.2932279109955,1538,16,600,18.902235746383667,3.687751439514807e-05,31.742276842293148,0.031503726243972775,6.146252399191345e-08
tfidf,768,turkish,2,microffn,0.8035455944152295,0.7958735527964598,0.7815317952921887,0.7729357980403134,135.2735834121704,51554,18,600,18.94654369354248,3.6879027447856776e-05,31.668045090698893,0.0315775728225708,6.146504574642796e-08
tfidf,768,turkish,2,resmicro,0.8044641421911958,0.8018290886053276,0.7828200023421946,0.7799293104015469,139.30384373664856,252386,16,600,18.948770761489868,3.693877748677533e-05,31.664323113739773,0.03158128460248311,6.156462914462556e-08
tfidf,1024,turkish,2,LightGBM,0.8270221736414741,0.8231397607815919,0.787153062419487,0.7823209330623627,45.25526404380798,,,600,18.925199270248413,3.681589820185586e-05,31.703761288433945,0.03154199878374735,6.135983033642643e-08
tfidf,1024,turkish,2,LogisticRegression,0.795206121174266,0.7974513899680781,0.7825272280126478,0.7850186755445128,3.412153720855713,,,600,18.88682794570923,3.681959246091549e-05,31.7681720681058,0.03147804657618205,6.136598743485916e-08
tfidf,1024,turkish,2,RandomForest,0.729407401623985,0.7338862667010043,0.7208103993441854,0.7255278198401399,3.560222625732422,,,600,19.66331195831299,3.8058690577744e-05,30.513679550628304,0.032772186597188314,6.343115096290667e-08
tfidf,1024,turkish,2,XGBoost,0.8098649281698939,0.8122216136089788,0.7687668345239489,0.7718019000952001,1.8389551639556885,,,600,18.908577919006348,3.6805226434974345e-05,31.731630087152013,0.03151429653167725,6.134204405829058e-08
tfidf,1024,turkish,2,GaussianNB,0.7558557151780138,0.759651195489083,0.7455791076238435,0.7495496548178401,10.049951076507568,,,600,18.91299152374268,3.685620248870436e-05,31.724225078131184,0.031521652539571135,6.14270041478406e-08
tfidf,1024,turkish,2,linear,0.7972765058442602,0.7885895042814938,0.7843424288558379,0.7751484731145613,365.2914295196533,2050,18,600,18.796805381774902,3.6639945823836216e-05,31.920317724933774,0.031328008969624836,6.106657637306036e-08
tfidf,1024,turkish,2,microffn,0.9066066548786368,0.9065491400077254,0.7847523129172034,0.784850308151474,269.63565278053284,103442,16,600,18.916236877441406,3.6846852316452285e-05,31.718782329033484,0.03152706146240234,6.141142052742048e-08
tfidf,1024,turkish,2,resmicro,0.8598755367763565,0.8606158358181727,0.782702892610376,0.7841747055045919,256.29715943336487,401986,20,600,19.000899076461792,3.701993677477303e-05,31.57745312921938,0.03166816512743632,6.169989462462171e-08
tfidf,2048,turkish,2,LightGBM,0.9714436289818864,0.9713543409478664,0.7968731701604403,0.7942695254955294,320.68915128707886,,,600,19.369678735733032,3.771284773220528e-05,30.97624943531586,0.03228279789288839,6.285474622034214e-08
tfidf,2048,turkish,2,LogisticRegression,0.8140224859462836,0.8158473686254621,0.796814615294531,0.7987804336973184,24.17198252677917,,,600,18.85513019561768,3.672548522973166e-05,31.82157820047577,0.03142521699269613,6.120914204955277e-08
tfidf,2048,turkish,2,RandomForest,0.7690115552779513,0.7723680578677148,0.748272631455674,0.7520381295862805,1.3973751068115234,,,600,19.31518030166626,3.747770439395516e-05,31.063649970082853,0.032191967169443766,6.246284065659193e-08
tfidf,2048,turkish,2,XGBoost,0.8133978763272954,0.8155566094626909,0.7801850333762735,0.7828063729535145,0.8197808265686035,,,600,18.82679748535156,3.662219192854081e-05,31.86946693758394,0.031377995808919264,6.103698654756802e-08
tfidf,2048,turkish,2,GaussianNB,0.7758627420362274,0.779094671107018,0.7605105984307295,0.763855471536135,4.633201360702515,,,600,18.87989902496338,3.680380316285763e-05,31.779830983559183,0.031466498374938964,6.133967193809606e-08
tfidf,2048,turkish,2,linear,0.7963809217626932,0.7839912237298682,0.7850450872467502,0.772069434970904,654.6275038719177,4098,25,600,18.97815442085266,3.700207017840964e-05,31.615297604530866,0.03163025736808777,6.167011696401606e-08
tfidf,2048,turkish,2,microffn,0.7687785610949089,0.745409047230748,0.7585782878557208,0.7337949306055428,204.9427354335785,201746,16,600,18.93329620361328,3.680030196849012e-05,31.690202991991136,0.031555493672688804,6.133383661415021e-08
tfidf,2048,turkish,2,resmicro,0.8182653225250879,0.8084941710862108,0.7914275676308701,0.7797794307808251,819.631299495697,1196898,16,600,18.980913162231445,3.699065404005265e-05,31.610702544801192,0.031634855270385745,6.165109006675441e-08
tfidf,300,turkish,3,LightGBM,0.6690221512350161,0.6773905094072364,0.5940373632755783,0.6057314782712112,63.72192668914795,,,600,18.56158471107483,3.626211813138591e-05,32.324826211740856,0.03093597451845805,6.043686355230985e-08
tfidf,300,turkish,3,LogisticRegression,0.5937595792394689,0.6080287800703236,0.5876488239279838,0.6015915774629759,9.639587879180908,,,600,18.351219177246094,3.569863377837248e-05,32.69537539739853,0.030585365295410158,5.949772296395413e-08
tfidf,300,turkish,3,RandomForest,0.6111191778390849,0.61981065510249,0.5466072984222243,0.5579446184683444,2.1329150199890137,,,600,19.17421269416809,3.708399258455965e-05,31.292027973721822,0.03195702115694682,6.180665430759941e-08
tfidf,300,turkish,3,XGBoost,0.6497104044657406,0.6590062766268926,0.587842416029426,0.6001841687327141,9.836931705474854,,,600,18.551771879196167,3.609219971923079e-05,32.34192420578629,0.03091961979866028,6.015366619871798e-08
tfidf,300,turkish,3,GaussianNB,0.5622025394059662,0.5775760080417226,0.5571096699254671,0.5725982633692646,0.6706802845001221,,,600,18.40597558021545,3.590728623029928e-05,32.59810909696843,0.03067662596702575,5.984547705049881e-08
tfidf,300,turkish,3,linear,0.60613077726108,0.5288683996180942,0.6051205110831478,0.527221360206218,51.78347373008728,903,16,600,18.577539205551147,3.618936667481374e-05,32.29706547036726,0.030962565342585246,6.031561112468956e-08
tfidf,300,turkish,3,microffn,0.6755623042611749,0.640623762662796,0.6388055367341012,0.6000154364969369,39.1312837600708,15843,16,600,18.50271701812744,3.610617363251946e-05,32.427669915297805,0.03083786169687907,6.017695605419909e-08
tfidf,300,turkish,3,resmicro,0.6561450128119958,0.6113822803936445,0.6366760236182364,0.5874199395954484,85.09347724914551,195663,21,600,18.648976802825928,3.64065029129263e-05,32.173346899604724,0.03108162800470988,6.067750485487717e-08
tfidf,512,turkish,3,LightGBM,0.691528322281916,0.698456071860724,0.6168812312457652,0.6271149855867852,44.42414426803589,,,600,18.605971574783325,3.624201089804438e-05,32.24771131076971,0.031009952624638876,6.040335149674064e-08
tfidf,512,turkish,3,LogisticRegression,0.6224125970024039,0.634730629445398,0.6131545832930017,0.6250961408229311,29.33619952201844,,,600,18.430458307266235,3.5964784407627146e-05,32.55480628842795,0.030717430512110393,5.994130734604525e-08
tfidf,512,turkish,3,RandomForest,0.6275591694496878,0.6355112135526836,0.5707095150517859,0.5812548611124857,4.831095218658447,,,600,19.217278718948364,3.721936112186644e-05,31.221902371036332,0.032028797864913944,6.203226853644407e-08
tfidf,512,turkish,3,XGBoost,0.7027733410773922,0.7094131663038472,0.6134933694705256,0.6236116454896508,4.804941177368164,,,600,18.59820032119751,3.627070669345777e-05,32.26118600927979,0.030997000535329184,6.045117782242961e-08
tfidf,512,turkish,3,GaussianNB,0.5769001177742284,0.5921603289940204,0.5674184493272675,0.5824186834384777,2.8739535808563232,,,600,18.48201060295105,3.605440240532141e-05,32.464000421263535,0.030803351004918416,6.009067067553568e-08
tfidf,512,turkish,3,linear,0.6603587358830787,0.6290655316095007,0.6525505759365018,0.6194597503597086,112.8786919116974,1539,19,600,18.883931398391724,3.6814766496398325e-05,31.773044888899555,0.03147321899731954,6.135794416066388e-08
tfidf,512,turkish,3,microffn,0.699952548163614,0.6663261802671302,0.6576323685993611,0.6221325817277334,117.99719190597534,44643,20,600,18.548581838607788,3.619700668597701e-05,32.34748646665456,0.030914303064346314,6.032834447662835e-08
tfidf,512,turkish,3,resmicro,0.7084748979785518,0.6908203120953115,0.657874358726164,0.6354244205010603,248.7903459072113,201795,16,600,18.659566164016724,3.637765355080234e-05,32.15508842628107,0.031099276940027874,6.062942258467057e-08
tfidf,768,turkish,3,LightGBM,0.7019989351919075,0.7088122901479699,0.6287387474591036,0.6387883756801427,92.23192477226256,,,600,18.575021505355835,3.622321942011478e-05,32.30144308726635,0.030958369175593057,6.037203236685797e-08
tfidf,768,turkish,3,LogisticRegression,0.6402239323685527,0.6520596433286832,0.6248669054302585,0.6368093567526687,36.02847099304199,,,600,18.54085874557495,3.613860225773634e-05,32.36096063474939,0.03090143124262492,6.02310037628939e-08
tfidf,768,turkish,3,RandomForest,0.6100382362905958,0.6203365193179611,0.5754041235117607,0.5873248232665781,4.044727563858032,,,600,19.278578996658325,3.734733544305214e-05,31.122625796434566,0.03213096499443054,6.224555907175357e-08
tfidf,768,turkish,3,XGBoost,0.7554168078344062,0.7594741941058043,0.6330945697415545,0.6418430686824397,11.72230863571167,,,600,18.51084351539612,3.5977405581027555e-05,32.41343375308418,0.030851405858993538,5.996234263504592e-08
tfidf,768,turkish,3,GaussianNB,0.5899843505477308,0.6056051030437091,0.5804375181492595,0.5958303319574405,2.6162924766540527,,,600,18.443387746810917,3.598139705177332e-05,32.53198426648853,0.030738979578018195,5.996899508628887e-08
tfidf,768,turkish,3,linear,0.6509063300749739,0.5987989295608654,0.6463556286903495,0.5929166839341975,78.38068985939026,2307,16,600,18.464116096496586,3.584923170273627e-05,32.49546292193457,0.030773526827494308,5.974871950456045e-08
tfidf,768,turkish,3,microffn,0.7318022207459429,0.7109606534505871,0.6694414867873391,0.6444039713178552,154.5162672996521,107267,22,600,18.44040560722351,3.598765958448251e-05,32.53724526346464,0.03073400934537252,5.997943264080418e-08
tfidf,768,turkish,3,resmicro,0.7237543892948657,0.7057917207892539,0.6688607104830123,0.645448151626058,428.1531779766083,351651,24,600,18.49961018562317,3.597621909854551e-05,32.43311583215334,0.03083268364270528,5.996036516424251e-08
tfidf,1024,turkish,3,LightGBM,0.7084523175709468,0.7147926041325913,0.6395315071145097,0.6483382191676049,76.55092453956604,,,600,18.51714849472046,3.604890326670304e-05,32.40239717098287,0.03086191415786743,6.008150544450508e-08
tfidf,1024,turkish,3,LogisticRegression,0.6529532291112079,0.6637898410382704,0.6325621914625883,0.6436846687582999,5.526711940765381,,,600,18.48302793502808,3.598266856489384e-05,32.46221355662786,0.030805046558380133,5.997111427482306e-08
tfidf,1024,turkish,3,RandomForest,0.6360131003662295,0.6438238729126731,0.5876972219533443,0.597490581565052,4.109397172927856,,,600,19.226179122924805,3.727659431640013e-05,31.207448768880724,0.03204363187154134,6.212765719400022e-08
tfidf,1024,turkish,3,XGBoost,0.8335027346207832,0.8351223733760574,0.6392411189623464,0.6455336497183051,6.611659526824951,,,600,18.657243967056274,3.632743088423639e-05,32.15909064915699,0.031095406611760457,6.054571814039399e-08
tfidf,1024,turkish,3,GaussianNB,0.6011003016956262,0.6156507841957818,0.5871164456490175,0.6017302080268216,5.701497077941895,,,600,18.45779252052307,3.599500708460349e-05,32.50659575530849,0.03076298753420512,5.999167847433915e-08
tfidf,1024,turkish,3,linear,0.6940685204517415,0.6723058320198072,0.6778627432000774,0.6542527880029755,611.96857380867,3075,22,600,18.6096625328064,3.625041150888488e-05,32.24131544257068,0.031016104221344,6.041735251480813e-08
tfidf,1024,turkish,3,microffn,0.7078105722691468,0.6708528608552181,0.6692478946858968,0.6291932127373884,413.66692757606506,121635,27,600,18.5502450466156,3.6122930085266986e-05,32.34458620316,0.030917075077692667,6.020488347544498e-08
tfidf,1024,turkish,3,resmicro,0.70919616589162,0.680311171782247,0.6680863420772433,0.6328806782262986,208.49831819534305,534275,16,600,18.642702341079712,3.638454787681103e-05,32.1841752886803,0.031071170568466186,6.064091312801838e-08
tfidf,2048,turkish,3,LightGBM,0.7197296032783183,0.7258974014381764,0.6535669344690737,0.6620839815720605,85.6819155216217,,,600,18.68602156639099,3.6432937077488217e-05,32.109563711473534,0.031143369277318318,6.07215617958137e-08
tfidf,2048,turkish,3,LogisticRegression,0.6767662100898634,0.6868169637365622,0.6497918884909496,0.6604892337123,9.805493354797363,,,600,18.92219090461731,3.6900974585680335e-05,31.708801746292004,0.03153698484102885,6.150162430946722e-08
tfidf,2048,turkish,3,RandomForest,0.627268767242631,0.6364927358250227,0.5954893040363953,0.6059023790791336,1.2838401794433594,,,600,18.94617176055908,3.678061598621058e-05,31.66866676723798,0.03157695293426513,6.13010266436843e-08
tfidf,2048,turkish,3,XGBoost,0.7286030040494974,0.7342164269979424,0.6466944148678734,0.6556281325905102,14.68736171722412,,,600,18.61304807662964,3.626697743388276e-05,32.23545104110885,0.031021746794382733,6.04449623898046e-08
tfidf,2048,turkish,3,GaussianNB,0.6156849458722553,0.6307485153638404,0.5958764882392799,0.6115747179558704,5.696037292480469,,,600,18.56630277633667,3.62314996506839e-05,32.31661183317115,0.030943837960561115,6.038583275113983e-08
tfidf,2048,turkish,3,linear,0.710885451266964,0.6937142685717583,0.6883167166779596,0.6690634241573752,1304.9524071216583,6147,21,600,18.470630645751957,3.595841495303214e-05,32.48400184635783,0.030784384409586595,5.99306915883869e-08
tfidf,2048,turkish,3,microffn,0.7076777071272659,0.668636705686768,0.6741360952473139,0.6303355844699436,468.649897813797,236323,16,600,18.609715223312374,3.627741759493129e-05,32.2412241563149,0.031016192038853956,6.046236265821881e-08
tfidf,2048,turkish,3,resmicro,0.8859827275315555,0.8840792710156272,0.6695866808634208,0.6540382377465747,1142.3581330776217,543107,16,600,18.6841094493866,3.644617292610426e-05,32.11284977886372,0.031140182415644334,6.07436215435071e-08
